,text,
0,"Ml 2.54 earthquake (reviewed) occured at 2019-10-28T16:48:02 UTC, 2km ESE of Quinton, Oklahoma https://t.co/GXO4AoQaC5",1
1,"Ml 2.54 earthquake (reviewed) occured at 2019-10-28T16:48:02 UTC, 2km SE of Quinton, Oklahoma https://t.co/GXO4AoQaC5",1
2,"Ml 2.83 earthquake (automatic) occured at 2019-10-28T16:48:03 UTC, 2km SE of Quinton, Oklahoma https://t.co/GXO4AoQaC5",1
3,"2.8 magnitude #earthquake. 5 km from Quinton, OK, #UnitedStates https://t.co/bM7b9MHgHK",1
4,"Ml 2.83 earthquake (automatic) occured at 2019-10-28T16:48:03 UTC, 4km E of Quinton, Oklahoma https://t.co/GXO4AoQaC5",1
5,"USGS reports a M2.61 #earthquake 5km E of Quinton, Oklahoma on 10/28/19 @ 16:48:02 UTC https://t.co/f5IWMPvwwh #quake",1
6,"Ml 2.61 earthquake (automatic) occured at 2019-10-28T16:48:02 UTC, 5km E of Quinton, Oklahoma https://t.co/GXO4AoQaC5",1
7,"Ml 2.74 earthquake (reviewed) occured at 2019-10-28T13:23:44 UTC, 3km NW of Quinton, Oklahoma https://t.co/XpZY4ud1jV",1
8,"Ml 2.86 earthquake (automatic) occured at 2019-10-28T13:23:44 UTC, 3km NW of Quinton, Oklahoma https://t.co/XpZY4ud1jV",1
9,"Ml 2.86 earthquake (automatic) occured at 2019-10-28T13:23:44 UTC, 4km ESE of Quinton, Oklahoma https://t.co/XpZY4ud1jV",1
10,"2.7 magnitude #earthquake. 5 km from #Quinton, OK, #UnitedStates https://t.co/xpBxsbAMn5",1
11,"Ml 2.67 earthquake (automatic) occured at 2019-10-28T13:23:44 UTC, 4km ESE of Quinton, Oklahoma https://t.co/XpZY4ud1jV",1
12,USGS reports a M2.67 #earthquake Oklahoma on 10/28/19 @ 13:23:44 UTC https://t.co/38F2DLSQJ4 #quake,1
13,"1.9 magnitude #earthquake. 1 km from Quinton, #OK, United States https://t.co/24mqoTfZuH",1
14,"USGS reports a M1.93 #earthquake 0km NNE of Quinton, Oklahoma on 10/25/19 @ 17:44:49 UTC https://t.co/zsDiLATGZf #quake",1
15,"2.0 magnitude #earthquake. 2 km from Quinton, OK, #UnitedStates https://t.co/3Vj3YouHuC",1
16,"Ml 2.48 earthquake (reviewed) occured at 2019-10-23T13:41:39 UTC, 1km N of Quinton, Oklahoma https://t.co/pSVOVxNhA4",1
17,"Ml 2.87 earthquake (automatic) occured at 2019-10-23T13:41:39 UTC, 3km ESE of Quinton, Oklahoma https://t.co/pSVOVxNhA4",1
18,"USGS reports a M2.81 #earthquake 3km ESE of Quinton, Oklahoma on 10/23/19 @ 13:41:39 UTC https://t.co/1Uv20pygGv #quake",1
19,"2.8 magnitude #earthquake. 3 km from #Quinton, OK, United States https://t.co/yHpRbXCJmM",1
20,"Ml 2.81 earthquake (automatic) occured at 2019-10-23T13:41:39 UTC, Oklahoma https://t.co/pSVOVxNhA4",1
0,"Md 3.4 earthquake (reviewed) occured at 2019-10-28T16:29:46 UTC, 68km N of Isabela, Puerto Rico https://t.co/5Bijvlayd1",1
1,"USGS reports a M3.4 #earthquake 67km N of San Antonio, Puerto Rico on 10/28/19 @ 16:29:46 UTC https://t.co/eR6cE62xsH #quake",1
2,"MD 3.4 (27 min ago)
7km 19.09¬∞N 67.22¬∞W
Oct 28, 2019 16:29:46 UTC
#earthquake",1
3,"Md 3.4 earthquake (reviewed) occured at 2019-10-28T16:29:46 UTC, 67km N of San Antonio, Puerto Rico https://t.co/5Bijvlayd1",1
4,"MD 2.8 (93 min ago)
12km 19.13¬∞N 67.30¬∞W
Oct 28, 2019 05:19:43 UTC
#earthquake",1
5,"MD 2.8 (224 min ago)
79km 19.05¬∞N 67.11¬∞W
Oct 28, 2019 02:21:18 UTC
#earthquake",1
6,"MD 2.6 (302 min ago)
10km 19.08¬∞N 67.43¬∞W
Oct 27, 2019 16:09:08 UTC
#earthquake",1
7,"Md 3.17 earthquake (reviewed) occured at 2019-10-27T19:59:13 UTC, 65km NNW of San Antonio, Puerto Rico https://t.co/NJDiVGNCrZ",1
8,"MD 3.2 (20 min ago)
10km 19.08¬∞N 67.27¬∞W
Oct 27, 2019 19:59:13 UTC
#earthquake",1
9,"USGS reports a M3.17 #earthquake 68km NNW of San Antonio, Puerto Rico on 10/27/19 @ 19:59:13 UTC https://t.co/SQez8SVZ0s #quake",1
10,"Md 3.17 earthquake (reviewed) occured at 2019-10-27T19:59:13 UTC, 68km NNW of San Antonio, Puerto Rico https://t.co/NJDiVGNCrZ",1
11,"MD 2.5 (288 min ago)
24km 19.10¬∞N 67.20¬∞W
Oct 27, 2019 14:19:10 UTC
#earthquake",1
12,"MD 3.1 (315 min ago)
10km 19.04¬∞N 67.28¬∞W
Oct 27, 2019 13:51:41 UTC
#earthquake",1
13,"Mb 4.5 earthquake (reviewed) occured at 2019-10-27T13:48:41 UTC, 72km NNW of Isabela, Puerto Rico https://t.co/a1WsEAgkR1",1
14,"Mb 4.4 earthquake (reviewed) occured at 2019-10-27T13:29:47 UTC, 70km N of San Antonio, Puerto Rico https://t.co/ufStrYdaXE",1
15,"Mb 4.5 earthquake (reviewed) occured at 2019-10-27T13:48:42 UTC, 70km NNW of Isabela, Puerto Rico https://t.co/a1WsEAgkR1",1
16,"Ml 4.3 earthquake (REVIEWED) occured at 2019-10-27T13:48:44 UTC, 61km NNW of San Antonio, Puerto Rico https://t.co/Tw5LrYxqkp",1
17,"USGS reports a M4.3 #earthquake 61km NNW of San Antonio, Puerto Rico on 10/27/19 @ 13:48:44 UTC https://t.co/rDlvUyP8Ba #quake",1
18,"4.3 earthquake, 61km NNW of San Antonio, Puerto Rico. 2019-10-27 09:48:44 at epicenter (6m ago, depth 22km). https://t.co/MG7UejZYga",1
19,"USGS reports a M4.5 #earthquake 68km NNW of San Antonio, Puerto Rico on 10/27/19 @ 13:29:48 UTC https://t.co/Jtire27sAn #quake",1
20,"Mb 4.5 earthquake (reviewed) occured at 2019-10-27T13:29:48 UTC, 64km NNW of Isabela, Puerto Rico https://t.co/ufStrYdaXE",1
21,"4.4 earthquake, 64km NNW of Isabela, Puerto Rico. 2019-10-27 09:29:50 at epicenter (6m ago, depth 33km). https://t.co/Db2PUrWiR1",1
22,"4.4 earthquake, 64km NNW of Isabela, Puerto Rico. 2019-10-27 09:29:50 at epicenter (6m ago, depth 33km). https://t.co/0UdY7jIJkt",1
23,"Ml 4.4 earthquake (REVIEWED) occured at 2019-10-27T13:29:50 UTC, 64km NNW of Isabela, Puerto Rico https://t.co/S705X5RO5X",1
24,"MD 2.6 (150 min ago)
10km 19.10¬∞N 67.24¬∞W
Oct 26, 2019 20:57:23 UTC
#earthquake",1
25,"MD 2.9 (75 min ago)
28km 19.06¬∞N 67.15¬∞W
Oct 25, 2019 14:24:16 UTC
#earthquake",1
26,"MD 2.6 (230 min ago)
13km 19.08¬∞N 67.25¬∞W
Oct 24, 2019 08:11:09 UTC
#earthquake",1
27,"MD 2.7 (303 min ago)
39km 19.13¬∞N 67.28¬∞W
Oct 24, 2019 04:04:18 UTC
#earthquake",1
28,"MD 2.5 (348 min ago)
8km 19.05¬∞N 67.20¬∞W
Oct 24, 2019 03:18:40 UTC
#earthquake",1
29,"MD 3.0 (35 min ago)
7km 19.14¬∞N 67.17¬∞W
Oct 24, 2019 05:45:42 UTC
#earthquake",1
30,"Md 2.97 earthquake (reviewed) occured at 2019-10-24T05:45:42 UTC, 72km NNW of Isabela, Puerto Rico https://t.co/XVr5m46z58",1
31,"MD 2.8 (271 min ago)
13km 19.10¬∞N 67.22¬∞W
Oct 22, 2019 07:15:58 UTC
#earthquake",1
32,"MD 3.0 (127 min ago)
22km 19.09¬∞N 67.23¬∞W
Oct 22, 2019 01:18:31 UTC
#earthquake",1
33,"USGS reports a M2.89 #earthquake 76km NNW of San Antonio, Puerto Rico on 10/21/19 @ 23:27:51 UTC https://t.co/7bhQAaVRpV #quake",1
34,"MD 2.9 (17 min ago)
10km 19.14¬∞N 67.35¬∞W
Oct 21, 2019 23:27:51 UTC
#earthquake",1
35,"Md 2.89 earthquake (reviewed) occured at 2019-10-21T23:27:51 UTC, 76km NNW of San Antonio, Puerto Rico https://t.co/yHgvv96KCT",1
36,"MD 2.8 (210 min ago)
15km 19.13¬∞N 67.28¬∞W
Oct 21, 2019 06:21:18 UTC
#earthquake",1
37,"MD 2.5 (281 min ago)
43km 19.13¬∞N 67.13¬∞W
Oct 20, 2019 10:59:54 UTC
#earthquake",1
38,"MD 2.9 (319 min ago)
8km 19.05¬∞N 67.17¬∞W
Oct 20, 2019 04:30:15 UTC
#earthquake",1
0,"2.5 magnitude #earthquake. 5 km from Fern Acres, #HI, United States https://t.co/9PEG7ljtxS",1
1,"Ml 2.52 earthquake (automatic) occured at 2019-10-28T16:16:55 UTC, 5km WSW of Fern Acres, Hawaii https://t.co/TT07tu1NlU",1
2,"USGS reports a M2.63 #earthquake 5km WSW of Fern Acres, Hawaii on 10/28/19 @ 16:16:55 UTC https://t.co/ukyQ9flt89 #quake",1
3,"USGS reports: M2,6 Earthquake 5km WSW of Fern Acres, Hawaii,
Depth 11,5 Km @ 2019-10-28 05:16:55 HST.
More info:‚Ä¶ https://t.co/7tewjLvkEl",1
4,"Hawaii, United States of America
MD 2.6 (4 min ago)
12km 19.49¬∞N 155.12¬∞W
Oct 28, 2019 16:16:55 UTC
#earthquake",1
5,"Md 2.63 earthquake (automatic) occured at 2019-10-28T16:16:55 UTC, 5km WSW of Fern Acres, Hawaii https://t.co/TT07tu1NlU",1
0,"3.6 magnitude #earthquake. 77 km from Y, #AK, United States https://t.co/5it3jZ9TTv",1
1,"Alaska, United States of America
ML 3.5 (21 min ago)
35km 62.65¬∞N 148.74¬∞W
Oct 28, 2019 15:43:55 UTC
#earthquake https://t.co/hTnuytVu9o",1
2,"USGS reports a M3.6 #earthquake 78km NE of Y, Alaska on 10/28/19 @ 15:43:55 UTC https://t.co/RiZVV5gsJx #quake",1
3,"Ml 3.6 earthquake (automatic) occured at 2019-10-28T15:43:55 UTC, 78km NE of Y, Alaska https://t.co/z9qWA9dedd",1
0,"ML 2.9 (22 min ago)
5km 57.95¬∞N 137.63¬∞W
Oct 28, 2019 15:07:38 UTC
#earthquake",1
1,"Ml 2.9 earthquake (reviewed) occured at 2019-10-28T15:07:38 UTC, 122km WSW of Gustavus, Alaska https://t.co/gYH4B14EzJ",1
2,USGS reports a M2.9 #earthquake off the coast of Southeastern Alaska on 10/28/19 @ 15:07:38 UTC https://t.co/F0rIcWqGZb #quake,1
0,"Ml 2.71 earthquake (reviewed) occured at 2019-10-28T14:58:35 UTC, 21km SSW of Puebla, B.C., MX https://t.co/HTeOOp2xuO",1
1,"USGS reports a M3.04 #earthquake 22km W of Delta, B.C., MX on 10/28/19 @ 14:58:34 UTC https://t.co/bgfxDxIAmE #quake",1
2,"Ml 3.04 earthquake (automatic) occured at 2019-10-28T14:58:34 UTC, 22km W of Delta, B.C., MX https://t.co/HTeOOp2xuO",1
3,"USGS reports a M1.72 #earthquake 22km SSW of Puebla, B.C., MX on 10/26/19 @ 0:33:12 UTC https://t.co/KkeUXgJa9v #quake",1
0,"USGS reports a M4.4 #earthquake 7km NW of Harsin, Iran on 10/28/19 @ 14:13:03 UTC https://t.co/jyAHg96FMw #quake",1
1,"Mb 4.4 earthquake (reviewed) occured at 2019-10-28T14:13:03 UTC, 7km NW of Harsin, Iran https://t.co/nMUPcMag8V",1
2,"„ÄêM4.4„ÄëWESTERN IRAN 10.0km 2019/10/28 23:13:03JST, 2019/10/28 14:13:03UTC
(G)https://t.co/eQsEBSSAGE (USGS)https://t.co/Bq4D9ZRq90",0
0,"Ml 2.54 earthquake (reviewed) occured at 2019-10-28T16:48:02 UTC, 2km ESE of Quinton, Oklahoma https://t.co/GXO4AoQaC5",1
1,"Ml 2.54 earthquake (reviewed) occured at 2019-10-28T16:48:02 UTC, 2km SE of Quinton, Oklahoma https://t.co/GXO4AoQaC5",1
2,"Ml 2.83 earthquake (automatic) occured at 2019-10-28T16:48:03 UTC, 2km SE of Quinton, Oklahoma https://t.co/GXO4AoQaC5",1
3,"2.8 magnitude #earthquake. 5 km from Quinton, OK, #UnitedStates https://t.co/bM7b9MHgHK",1
4,"Ml 2.83 earthquake (automatic) occured at 2019-10-28T16:48:03 UTC, 4km E of Quinton, Oklahoma https://t.co/GXO4AoQaC5",1
5,"USGS reports a M2.61 #earthquake 5km E of Quinton, Oklahoma on 10/28/19 @ 16:48:02 UTC https://t.co/f5IWMPvwwh #quake",1
6,"Ml 2.61 earthquake (automatic) occured at 2019-10-28T16:48:02 UTC, 5km E of Quinton, Oklahoma https://t.co/GXO4AoQaC5",1
7,"Ml 2.74 earthquake (reviewed) occured at 2019-10-28T13:23:44 UTC, 3km NW of Quinton, Oklahoma https://t.co/XpZY4ud1jV",1
8,"Ml 2.86 earthquake (automatic) occured at 2019-10-28T13:23:44 UTC, 3km NW of Quinton, Oklahoma https://t.co/XpZY4ud1jV",1
9,"Ml 2.86 earthquake (automatic) occured at 2019-10-28T13:23:44 UTC, 4km ESE of Quinton, Oklahoma https://t.co/XpZY4ud1jV",1
10,"2.7 magnitude #earthquake. 5 km from #Quinton, OK, #UnitedStates https://t.co/xpBxsbAMn5",1
11,"Ml 2.67 earthquake (automatic) occured at 2019-10-28T13:23:44 UTC, 4km ESE of Quinton, Oklahoma https://t.co/XpZY4ud1jV",1
12,USGS reports a M2.67 #earthquake Oklahoma on 10/28/19 @ 13:23:44 UTC https://t.co/38F2DLSQJ4 #quake,1
13,"1.9 magnitude #earthquake. 1 km from Quinton, #OK, United States https://t.co/24mqoTfZuH",1
14,"USGS reports a M1.93 #earthquake 0km NNE of Quinton, Oklahoma on 10/25/19 @ 17:44:49 UTC https://t.co/zsDiLATGZf #quake",1
15,"2.0 magnitude #earthquake. 2 km from Quinton, OK, #UnitedStates https://t.co/3Vj3YouHuC",1
16,"Ml 2.48 earthquake (reviewed) occured at 2019-10-23T13:41:39 UTC, 1km N of Quinton, Oklahoma https://t.co/pSVOVxNhA4",1
17,"Ml 2.87 earthquake (automatic) occured at 2019-10-23T13:41:39 UTC, 3km ESE of Quinton, Oklahoma https://t.co/pSVOVxNhA4",1
18,"USGS reports a M2.81 #earthquake 3km ESE of Quinton, Oklahoma on 10/23/19 @ 13:41:39 UTC https://t.co/1Uv20pygGv #quake",1
19,"2.8 magnitude #earthquake. 3 km from #Quinton, OK, United States https://t.co/yHpRbXCJmM",1
20,"Ml 2.81 earthquake (automatic) occured at 2019-10-23T13:41:39 UTC, Oklahoma https://t.co/pSVOVxNhA4",1
0,"Alaska, United States of America
ML 2.7 (11 min ago)
39km 61.69¬∞N 150.87¬∞W
Oct 28, 2019 13:04:53 UTC
#earthquake",0
1,"Ml 2.6 earthquake (automatic) occured at 2019-10-28T13:04:53 UTC, 44km W of Willow, Alaska https://t.co/znEoq7CY8c",1
2,"Alaska, United States of America
ML 2.7 (10 min ago)
39km 61.69¬∞N 150.87¬∞W
Oct 28, 2019 13:04:53 UTC
#earthquake",1
3,"2.7 magnitude #earthquake. 44 km from Willow, #AK, United States https://t.co/SHySXwUYTW",1
4,"USGS reports a M2.7 #earthquake 44km W of Willow, Alaska on 10/28/19 @ 13:04:53 UTC https://t.co/w6yjnBa9W9 #quake",1
5,"Ml 2.7 earthquake (automatic) occured at 2019-10-28T13:04:53 UTC, 44km W of Willow, Alaska https://t.co/znEoq7CY8c",1
6,"1.5 magnitude #earthquake. 42 km from Willow, #AK, United States https://t.co/0yuwkupI1z",1
7,"USGS reports a M1.5 #earthquake 41km W of Willow, Alaska on 10/28/19 @ 7:50:03 UTC https://t.co/hVaa7IiPiW #quake",1
0,"Ml 3.62 earthquake (reviewed) occured at 2019-10-28T11:46:34 UTC, 117km WSW of Gold Beach, OR https://t.co/iAUsRpbaqz",1
1,"#Warning #Earthquake: 3.62 Ml, 117 Km West-Southwest of Gold Beach, OR. 2019/10/28. #OR. More in ONDE app.‚Ä¶ https://t.co/63Zr5qI3zp",1
2,"ML 3.6 (4 min ago)
2km 41.97¬∞N 125.71¬∞W
Oct 28, 2019 11:46:34 UTC
#earthquake",1
3,"USGS reports a M3.62 #earthquake 117km WSW of Gold Beach, OR on 10/28/19 @ 11:46:34 UTC https://t.co/2fYvjEMsky #quake",1
4,"„ÄêMl3.6„ÄëOFF COAST OF NORTHERN CALIFORNIA Depth 2km Oct 28, 2019 11:46:34 UTC (G)https://t.co/xZ46lCzaG8 (EMSC)https://t.co/k9jbU1nubp",0
5,"Ml 3.62 earthquake (automatic) occured at 2019-10-28T11:46:34 UTC, 117km WSW of Gold Beach, OR https://t.co/iAUsRpbaqz",1
6,"3.6 magnitude #earthquake. 117 km from #GoldBeach, OR, United States https://t.co/7MqByKb8IT",1
7,"4.9 magnitude #earthquake. 121 km from Brookings, #OR, United States https://t.co/ym4UilZTij",1
8,"Mb 4.9 earthquake (reviewed) occured at 2019-10-28T11:01:04 UTC, 120km W of Brookings, Oregon https://t.co/kMyb1rsgQ4",1
9,"USGS reports a M4.9 #earthquake 120km W of Brookings, Oregon on 10/28/19 @ 11:01:04 UTC https://t.co/aStYjTLCef #quake",1
0,"2.4 magnitude #earthquake. 13 km from ##SearlesValley, CA, United States https://t.co/WaDG18U8fy",1
1,"2.4 magnitude #earthquake. 8 mi from #SearlesValley, CA, United States https://t.co/Q6dsv7v9zx",1
2,"California, United States of America
ML 2.4 (4 min ago)
7km 35.66¬∞N 117.46¬∞W
Oct 28, 2019 17:02:55 UTC
#earthquake",1
3,"USGS reports a M2.38 #earthquake 13km SSW of Searles Valley, CA on 10/28/19 @ 17:02:55 UTC https://t.co/gp3UwuwmNH #quake",1
4,"USGS reports a M1.34 #earthquake 12km SSW of Searles Valley, CA on 10/28/19 @ 16:42:50 UTC https://t.co/mr7srjsw4t #quake",1
5,"USGS reports a M0.51 #earthquake 12km SW of Searles Valley, CA on 10/28/19 @ 15:16:24 UTC https://t.co/ai7lzzZOjP #quake",1
6,"USGS reports a M1.04 #earthquake 11km SW of Searles Valley, CA on 10/28/19 @ 14:19:36 UTC https://t.co/sl6VZV7R93 #quake",1
7,"1.6 magnitude #earthquake. 14 km from ##SearlesValley, CA, United States https://t.co/GM5ExeM9WJ",1
8,"1.6 magnitude #earthquake. 9 mi from #SearlesValley, CA, United States https://t.co/jqs78SdhJB",1
9,"USGS reports a M1.55 #earthquake 14km SSW of Searles Valley, CA on 10/28/19 @ 13:26:46 UTC https://t.co/wTQm1AbPOG #quake",1
10,"2.5 magnitude #earthquake. 14 km from Ridgecrest, #CA, #UnitedStates https://t.co/xXsJWuoafj",1
11,"2.5 magnitude #earthquake. 9 mi from Ridgecrest, CA, #UnitedStates https://t.co/yhU0IuXDg0",1
12,"Ml 2.45 earthquake (automatic) occured at 2019-10-28T11:44:13 UTC, 14km ENE of Ridgecrest, CA https://t.co/NdBSifiNT4",1
13,"USGS reports a M2.47 #earthquake 14km NE of Ridgecrest, CA on 10/28/19 @ 11:44:13 UTC https://t.co/UyPH6Fv89d #quake",1
14,"California, United States of America
ML 2.5 (3 min ago)
10km 35.69¬∞N 117.55¬∞W
Oct 28, 2019 11:44:13 UTC
#earthquake",1
15,"Ml 2.47 earthquake (automatic) occured at 2019-10-28T11:44:13 UTC, 14km NE of Ridgecrest, CA https://t.co/NdBSifiNT4",1
16,"USGS reports a M1.31 #earthquake 13km SSW of Searles Valley, CA on 10/28/19 @ 11:39:44 UTC https://t.co/r3UM8rL74T #quake",1
17,"1.9 magnitude #earthquake. 13 km from Ridgecrest, CA, #UnitedStates https://t.co/GOyby8WRrE",1
18,"1.9 magnitude #earthquake. 8 mi from Ridgecrest, #CA, United States https://t.co/01LXB94Pq2",1
19,"California, United States of America
ML 2.1 (5 min ago)
0km 35.67¬∞N 117.55¬∞W
Oct 28, 2019 11:18:22 UTC
#earthquake",1
20,"USGS reports a M2.1 #earthquake 13km ENE of Ridgecrest, CA on 10/28/19 @ 11:18:22 UTC https://t.co/duuerHbMY6 #quake",1
21,"USGS reports a M1.44 #earthquake 14km ENE of Ridgecrest, CA on 10/28/19 @ 11:05:36 UTC https://t.co/pqn6rmlt7U #quake",1
22,"USGS reports a M1.44 #earthquake 8km SW of Searles Valley, CA on 10/28/19 @ 8:53:26 UTC https://t.co/Gb7VTGj1zA #quake",1
23,"USGS reports a M1.26 #earthquake 15km ENE of Ridgecrest, CA on 10/28/19 @ 0:28:36 UTC https://t.co/Tek0fHUo5A #quake",1
24,"USGS reports a M1.57 #earthquake 8km WSW of Searles Valley, CA on 10/27/19 @ 18:53:18 UTC https://t.co/k06Xe6mSit #quake",1
25,"USGS reports a M1.07 #earthquake 11km SSW of Searles Valley, CA on 10/27/19 @ 12:21:56 UTC https://t.co/k8lz8V4NWH #quake",1
26,"USGS reports a M0.65 #earthquake 14km NE of Ridgecrest, CA on 10/27/19 @ 10:24:00 UTC https://t.co/MXgXRIijsh #quake",1
27,"2.7 magnitude #earthquake. 13 km from Searles Valley, #CA, United States https://t.co/j2pc97GGa1",1
28,"2.7 magnitude #earthquake. 8 mi from Searles Valley, #CA, United States https://t.co/t4j9nGFIlC",1
29,"Ml 2.71 earthquake (automatic) occured at 2019-10-27T07:33:27 UTC, 13km SSW of Searles Valley, CA https://t.co/vylCIZj4vd",1
30,"USGS reports a M2.75 #earthquake 14km SSW of Searles Valley, CA on 10/27/19 @ 7:33:27 UTC https://t.co/F5n3Of3wqs #quake",1
31,"California, United States of America
ML 2.8 (4 min ago)
6km 35.66¬∞N 117.48¬∞W
Oct 27, 2019 07:33:27 UTC
#earthquake",1
32,"Ml 2.75 earthquake (automatic) occured at 2019-10-27T07:33:27 UTC, 14km SSW of Searles Valley, CA https://t.co/vylCIZj4vd",1
33,"1.5 magnitude #earthquake. 5 mi from Searles Valley, CA, #UnitedStates https://t.co/NokcPDXZoW",1
34,"USGS reports a M1.48 #earthquake 9km WSW of Searles Valley, CA on 10/27/19 @ 6:54:43 UTC https://t.co/QtktNkzM2y #quake",1
35,"1.6 magnitude #earthquake. 13 km from ##Ridgecrest, CA, United States https://t.co/5FzNcaaTb7",1
36,"1.6 magnitude #earthquake. 8 mi from #Ridgecrest, CA, United States https://t.co/nxsotxb2Oi",1
37,"USGS reports a M1.61 #earthquake 14km ENE of Ridgecrest, CA on 10/27/19 @ 6:24:48 UTC https://t.co/W77tQSqjlv #quake",1
38,"USGS reports a M1.3 #earthquake 12km SSW of Searles Valley, CA on 10/27/19 @ 5:49:57 UTC https://t.co/R2kxGS955S #quake",1
39,"USGS reports a M0.75 #earthquake 13km SW of Searles Valley, CA on 10/27/19 @ 4:56:18 UTC https://t.co/5oxwG5g1CF #quake",1
40,"USGS reports a M1.01 #earthquake 12km WSW of Searles Valley, CA on 10/27/19 @ 4:54:18 UTC https://t.co/xYtxclQC74 #quake",1
41,"2.0 magnitude #earthquake. 9 mi from Searles Valley, CA, #UnitedStates https://t.co/IAfTRVNoLp",1
42,"California, United States of America
ML 2.0 (4 min ago)
4km 35.74¬∞N 117.56¬∞W
Oct 27, 2019 04:32:59 UTC
#earthquake",1
43,"USGS reports a M2.05 #earthquake 14km W of Searles Valley, CA on 10/27/19 @ 4:32:59 UTC https://t.co/9eYREtIrIg #quake",1
44,"USGS reports a M1.01 #earthquake 14km W of Searles Valley, CA on 10/27/19 @ 4:31:20 UTC https://t.co/RZWWbZmADk #quake",1
45,"USGS reports a M1.58 #earthquake 14km SW of Searles Valley, CA on 10/27/19 @ 4:28:06 UTC https://t.co/PyvD3GT2UC #quake",1
46,"USGS reports a M1.04 #earthquake 14km WSW of Searles Valley, CA on 10/27/19 @ 2:32:52 UTC https://t.co/45GvzjEoze #quake",1
47,"USGS reports a M0.95 #earthquake 13km ENE of Ridgecrest, CA on 10/27/19 @ 0:46:06 UTC https://t.co/Dozr0VLluD #quake",1
48,"USGS reports a M0.71 #earthquake 15km NE of Ridgecrest, CA on 10/27/19 @ 0:08:34 UTC https://t.co/p6gVXQIgMo #quake",1
49,"USGS reports a M1.07 #earthquake 15km SW of Searles Valley, CA on 10/26/19 @ 23:32:28 UTC https://t.co/XhkjY6zHPj #quake",1
50,"2.0 magnitude #earthquake. 15 km from Searles Valley, #CA, United States https://t.co/NRvZuBSgDJ",1
51,"2.0 magnitude #earthquake. 9 mi from Searles Valley, #CA, United States https://t.co/o9WAQSTwap",1
52,"USGS reports a M2.01 #earthquake 15km SW of Searles Valley, CA on 10/26/19 @ 23:21:05 UTC https://t.co/8INsXZblky #quake",1
53,"California, United States of America
ML 2.0 (3 min ago)
7km 35.66¬∞N 117.50¬∞W
Oct 26, 2019 23:21:05 UTC
#earthquake",1
54,"USGS reports a M1 #earthquake 14km SSW of Searles Valley, CA on 10/26/19 @ 22:43:10 UTC https://t.co/56FkvCZr1r #quake",1
55,"USGS reports a M0.93 #earthquake 15km SW of Searles Valley, CA on 10/26/19 @ 22:31:08 UTC https://t.co/BDXcItiZwh #quake",1
56,"USGS reports a M1.55 #earthquake 13km SSW of Searles Valley, CA on 10/26/19 @ 22:00:37 UTC https://t.co/fnAJ7nfmhQ #quake",1
57,"USGS reports a M0.77 #earthquake 14km SW of Searles Valley, CA on 10/26/19 @ 20:32:28 UTC https://t.co/ub4zGR2kNB #quake",1
58,"USGS reports a M0.7 #earthquake 14km SSW of Searles Valley, CA on 10/26/19 @ 18:44:35 UTC https://t.co/KSFcGfHA6C #quake",1
59,"USGS reports a M1.28 #earthquake 15km ENE of Ridgecrest, CA on 10/26/19 @ 17:24:35 UTC https://t.co/xpT2TSVZuy #quake",1
60,"USGS reports a M1.32 #earthquake 11km SSW of Searles Valley, CA on 10/26/19 @ 17:15:46 UTC https://t.co/wl5EEgkqrw #quake",1
61,"USGS reports a M0.75 #earthquake 16km W of Searles Valley, CA on 10/26/19 @ 17:07:03 UTC https://t.co/9EPQbjJ8W2 #quake",1
62,"USGS reports a M1.63 #earthquake 13km WSW of Searles Valley, CA on 10/26/19 @ 16:54:56 UTC https://t.co/zHcSQA46nE #quake",1
63,"USGS reports a M1.41 #earthquake 14km SW of Searles Valley, CA on 10/26/19 @ 16:21:08 UTC https://t.co/b0HIYw151H #quake",1
64,"USGS reports a M1.08 #earthquake 14km SW of Searles Valley, CA on 10/26/19 @ 15:42:39 UTC https://t.co/nJORsFjU0q #quake",1
65,"USGS reports a M0.5 #earthquake 13km WSW of Searles Valley, CA on 10/26/19 @ 15:11:27 UTC https://t.co/TIa4OlZNBP #quake",1
66,"USGS reports a M1.32 #earthquake 14km SSW of Searles Valley, CA on 10/26/19 @ 15:01:22 UTC https://t.co/o79TW1adx7 #quake",1
67,"USGS reports a M1 #earthquake 12km NE of Ridgecrest, CA on 10/26/19 @ 13:51:33 UTC https://t.co/f2CDDSL04a #quake",1
68,"USGS reports a M1.3 #earthquake 15km SW of Searles Valley, CA on 10/26/19 @ 13:40:43 UTC https://t.co/i9OqH1Va7L #quake",1
69,"USGS reports a M0.56 #earthquake 13km SSW of Searles Valley, CA on 10/26/19 @ 13:10:29 UTC https://t.co/ldnv8wkP8k #quake",1
70,"USGS reports a M0.98 #earthquake 15km W of Searles Valley, CA on 10/26/19 @ 12:29:04 UTC https://t.co/LpyXRYXkTb #quake",1
71,"USGS reports a M0.99 #earthquake 14km ENE of Ridgecrest, CA on 10/26/19 @ 12:24:26 UTC https://t.co/vxPGc5kfHN #quake",1
72,"USGS reports a M1.46 #earthquake 15km SW of Searles Valley, CA on 10/26/19 @ 11:41:07 UTC https://t.co/4SAdW58AgK #quake",1
73,"1.9 magnitude #earthquake. 13 km from #SearlesValley, #CA, United States https://t.co/cVGytnwaWB",1
74,"1.9 magnitude #earthquake. 8 mi from #SearlesValley, CA, United States https://t.co/StmhA0yd9y",1
75,"USGS reports a M1.94 #earthquake 13km SSW of Searles Valley, CA on 10/26/19 @ 10:10:03 UTC https://t.co/iHrSlmPPfc #quake",1
76,"USGS reports a M1.3 #earthquake 12km SW of Searles Valley, CA on 10/26/19 @ 9:37:29 UTC https://t.co/BTWUzWgCyY #quake",1
77,"1.8 magnitude #earthquake. 14 km from #Ridgecrest, #CA, United States https://t.co/EV6v2o5uKJ",1
78,"1.8 magnitude #earthquake. 9 mi from #Ridgecrest, CA, United States https://t.co/0xzVv94fpb",1
79,"USGS reports a M1.84 #earthquake 15km ENE of Ridgecrest, CA on 10/26/19 @ 9:19:02 UTC https://t.co/FDe0LcFqcq #quake",1
80,"USGS reports a M1.08 #earthquake 12km ENE of Ridgecrest, CA on 10/26/19 @ 9:02:15 UTC https://t.co/T7OlM1Hrhb #quake",1
81,"USGS reports a M1.1 #earthquake 13km SSW of Searles Valley, CA on 10/26/19 @ 8:05:49 UTC https://t.co/YgttuWWstm #quake",1
82,"2.3 magnitude #earthquake. 9 mi from #Ridgecrest, CA, United States https://t.co/1Tfagmhg4w",1
83,"California, United States of America
ML 2.4 (3 min ago)
2km 35.71¬∞N 117.56¬∞W
Oct 26, 2019 07:27:56 UTC
#earthquake",1
84,"USGS reports a M2.36 #earthquake 14km NE of Ridgecrest, CA on 10/26/19 @ 7:27:56 UTC https://t.co/yjnKYL7J0p #quake",1
85,"1.7 magnitude #earthquake. 9 mi from Ridgecrest, CA, #UnitedStates https://t.co/zisJo8lZc7",1
86,"USGS reports a M0.63 #earthquake 14km NE of Ridgecrest, CA on 10/26/19 @ 7:19:02 UTC https://t.co/2tMhXiRPbW #quake",1
87,"USGS reports a M1.67 #earthquake 15km NE of Ridgecrest, CA on 10/26/19 @ 7:19:49 UTC https://t.co/Y9v922m9Xf #quake",1
88,"1.5 magnitude #earthquake. 15 km from Searles Valley, #CA, United States https://t.co/U9cp6Oryzq",1
89,"1.5 magnitude #earthquake. 9 mi from Searles Valley, #CA, United States https://t.co/g4IDpK4aiU",1
90,"USGS reports a M1.52 #earthquake 15km SSW of Searles Valley, CA on 10/26/19 @ 6:22:01 UTC https://t.co/qWATDKbwMt #quake",1
91,"USGS reports a M1.34 #earthquake 13km ENE of Ridgecrest, CA on 10/26/19 @ 5:46:18 UTC https://t.co/ZkLFS31ZrF #quake",1
92,"USGS reports a M1.1 #earthquake 13km WSW of Searles Valley, CA on 10/26/19 @ 5:07:07 UTC https://t.co/FulOZovU51 #quake",1
93,"USGS reports a M0.99 #earthquake 15km WSW of Searles Valley, CA on 10/26/19 @ 2:14:36 UTC https://t.co/HO3y7ml8eR #quake",1
94,"USGS reports a M0.58 #earthquake 14km SW of Searles Valley, CA on 10/26/19 @ 0:35:29 UTC https://t.co/ic9PDbeYJV #quake",1
95,"USGS reports a M1.7 #earthquake 16km W of Searles Valley, CA on 10/25/19 @ 23:51:32 UTC https://t.co/B50Km0BNNq #quake",1
96,"USGS reports a M1.15 #earthquake 12km NE of Ridgecrest, CA on 10/25/19 @ 22:26:12 UTC https://t.co/LiWWz6c13j #quake",1
97,"USGS reports a M0.95 #earthquake 14km SSW of Searles Valley, CA on 10/25/19 @ 19:52:50 UTC https://t.co/BJHz9tqCsX #quake",1
98,"USGS reports a M0.63 #earthquake 14km ENE of Ridgecrest, CA on 10/25/19 @ 19:14:45 UTC https://t.co/q3rEoZKalu #quake",1
0,"„Äêmb4.7„ÄëOFF EAST COAST OF HONSHU, JAPAN Depth 35km Oct 28, 2019 11:26:29 UTC (G)https://t.co/5Y6swBwDFm (EMSC)https://t.co/7bcm0dwfEw",1
1,"Mb 4.7 earthquake (reviewed) occured at 2019-10-28T11:26:29 UTC, 286km SSE of Kushiro, Japan https://t.co/Ahr4fxMLYF",1
2,"USGS reports a M4.7 #earthquake 286km SSE of Kushiro, Japan on 10/28/19 @ 11:26:29 UTC https://t.co/bmgBQQTGMf #quake",1
3,"M4.7 OFF THE EAST COAST OF HONSHU, JAPAN 34.9km Oct 28, 2019 11:26:29 UTC, Oct 28, 2019 21:26:29 at epicenter https://t.co/8Iw7CW2OKs",1
4,"„ÄêM4.7„ÄëOFF THE EAST COAST OF HONSHU, JAPAN 34.9km 2019/10/28 20:26:29 JST[UTC+9]
(G)https://t.co/ejh7J8Azlo (USGS)https://t.co/cl6HwWHU8E",1
0,"USGS reports a M2.79 #earthquake 9km ESE of Redwood Valley, CA on 10/28/19 @ 11:16:41 UTC https://t.co/Fcl8xmsZ58 #quake",1
1,"California, United States of America
MD 2.8 (2 min ago)
7km 39.24¬∞N 123.10¬∞W
Oct 28, 2019 11:16:41 UTC
#earthquake",1
2,"Md 2.79 earthquake (automatic) occured at 2019-10-28T11:16:41 UTC, 9km ESE of Redwood Valley, CA https://t.co/0DcrLqYeID",1
3,"#BurrisFire üî• unofficial, automated update.
Near Calpella, CA. ‚ö†Ô∏è DO NOT USE FOR SAFETY PURPOSES - See officials in‚Ä¶ https://t.co/jpb9fePM0O",0
4,"#BurrisFire üî• unofficial, automated update.
Near Calpella, CA. ‚ö†Ô∏è DO NOT USE FOR SAFETY PURPOSES - See officials in‚Ä¶ https://t.co/0sjEdUqaP5",0
5,"#BurrisFire üî• unofficial, automated update.
Near Calpella, CA. ‚ö†Ô∏è DO NOT USE FOR SAFETY PURPOSES - See officials in‚Ä¶ https://t.co/8NgmMWklw6",0
6,No new friends https://t.co/0AWWDGnPG1,0
7,"For the first time, in over a year for sure, someone (people) bought mu drink because they truly enjoyed my company‚Ä¶ https://t.co/qMjs4AQEgQ",0
8,I‚Äôm trying to explain why we see certain stars/constellations part of the year and some year round... pretty sure I‚Ä¶ https://t.co/jRPGg7bf9s,0
9,"DAY 20 OF THIRTY DAYS OF KULWICKI  
In 1987, Alan Kulwicki changed his car number to 7 which he is most known for.‚Ä¶ https://t.co/wQY3ff1GR6",0
0,"4.9 magnitude #earthquake. 121 km from Brookings, #OR, United States https://t.co/ym4UilZTij",1
1,"Mb 4.9 earthquake (reviewed) occured at 2019-10-28T11:01:04 UTC, 120km W of Brookings, Oregon https://t.co/kMyb1rsgQ4",1
2,"USGS reports a M4.9 #earthquake 120km W of Brookings, Oregon on 10/28/19 @ 11:01:04 UTC https://t.co/aStYjTLCef #quake",1
3,"Mag: 4.36767 - Depth: 3 km - UTC 11:01 -  Brookings, Oregon - USGS Info: https://t.co/HrlBgR91SG",1
4,"4.4 magnitude #earthquake. 118 km from Brookings, OR, ##UnitedStates https://t.co/g7M26tEJVe",1
5,"USGS reports a M4.3676695823669 #earthquake 117km W of Brookings, Oregon on 10/28/19 @ 11:01:10 UTC https://t.co/jt2dU0tSxi #quake",1
6,"Ml 4.36766958236694 earthquake (automatic) occured at 2019-10-28T11:01:10 UTC, 117km W of Brookings, Oregon https://t.co/Pet7amTMtk",1
7,"„ÄêMl4.4„ÄëOFF COAST OF NORTHERN CALIFORNIA Depth 4km Oct 28, 2019 11:01:10 UTC (G)https://t.co/sCkeV8XoHm (EMSC)https://t.co/A2aaed0Ov5",1
8,"#California, 2019/10/28 12:01:01: #Warning #Tsunami Possibility of a tsunami triggered. Stay informed of the alert‚Ä¶ https://t.co/fgqMPG3TH8",0
9,"USGS reports a M5.2 #earthquake 126km W of Brookings, Oregon on 10/28/19 @ 11:01:01 UTC https://t.co/audD9MfoBX #quake",1
10,"Mi 5.2 earthquake (REVIEWED) occured at 2019-10-28T11:01:01 UTC, 126km W of Brookings, Oregon https://t.co/iZvb2RWXQg",1
11,"5.2 earthquake, 126km W of Brookings, Oregon. 2019-10-28 03:01:01 at epicenter (5m ago, depth 1km). https://t.co/LzVZwJ8wEY",1
12,"5.2 earthquake, 126km W of Brookings, Oregon. 2019-10-28 03:01:01 at epicenter (5m ago, depth 1km). https://t.co/3BUD11fnk5",1
13,"M5.2 OFF THE COAST OF NORTHERN CALIFORNIA 1.0km Oct 28, 2019 11:01:01 UTC, Oct 28, 2019 03:01:01 at epicenter https://t.co/c8BhCdDoHX",1
14,"„ÄêM5.2„ÄëOFF THE COAST OF NORTHERN CALIFORNIA 1.0km 2019/10/28 20:01:01 JST[UTC+9]
(G)https://t.co/gMIuJTSpby (USGS)https://t.co/SnffXiCje3",1
15,"5.2 magnitude #earthquake. 126 km from Brookings, OR, #UnitedStates https://t.co/v3uy3YxVLu",1
16,"#Warning #Earthquake: 5.2 Ml, off the coast of Northern California. 2019/10/28. #offthecoastofNorthernCalifornia. M‚Ä¶ https://t.co/DL1rj8swCF",1
17,"A 5.2 magnitude earthquake occurred 78.29mi W of Brookings, Oregon. Details: https://t.co/rdX9Z3Bocl Map: https://t.co/QmKDWYcp4u",1
0,"Ml 2.7 earthquake (automatic) occured at 2019-10-28T11:01:03 UTC, 68km NNE of Redoubt Volcano, Alaska https://t.co/LR4EK0fhH7",1
1,"Ml 2.8 earthquake (automatic) occured at 2019-10-28T11:01:03 UTC, 68km NNE of Redoubt Volcano, Alaska https://t.co/LR4EK0fhH7",1
2,"USGS reports a M2.8 #earthquake 68km NNE of Redoubt Volcano, Alaska on 10/28/19 @ 11:01:03 UTC https://t.co/OEmzwB4iZD #quake",1
3,"2.8 magnitude #earthquake. 72 km from #Nikiski, AK, United States https://t.co/KKmvHpu0Fc",1
4,"Ml 2.8 earthquake (automatic) occured at 2019-10-28T11:01:03 UTC, Southern Alaska https://t.co/LR4EK0fhH7",1
5,"2.1 magnitude #earthquake. 68 km from #Nikiski, AK, United States https://t.co/H6NTzQpmsI",1
6,USGS reports a M2.1 #earthquake Southern Alaska on 10/25/19 @ 15:54:26 UTC https://t.co/lkOFKdiAEp #quake,1
0,"2.6 magnitude #earthquake. 67km SSE of Cantwell, Alaska https://t.co/vpHoK1I2a0",1
1,"Ml 2.6 earthquake (automatic) occured at 2019-10-28T10:23:34 UTC, 67km SSE of Cantwell, Alaska https://t.co/4bZ7FkVWVu",1
2,"USGS reports a M2.6 #earthquake 67km SSE of Cantwell, Alaska on 10/28/19 @ 10:23:34 UTC https://t.co/gWYa4jTX8z #quake",1
3,"Ml 2.6 earthquake (automatic) occured at 2019-10-28T10:23:34 UTC, Central Alaska https://t.co/4bZ7FkVWVu",1
4,"1.6 magnitude #earthquake. 65km SSE of Cantwell, Alaska https://t.co/P124LvME4s",1
5,"USGS reports a M1.6 #earthquake 65km SSE of Cantwell, Alaska on 10/27/19 @ 4:46:24 UTC https://t.co/XrQehUbBDh #quake",1
6,"Ml 4.6 earthquake (reviewed) occured at 2019-10-27T04:32:26 UTC, 68km SSE of Cantwell, Alaska https://t.co/bwEZkXZ6xT",1
0,"Mb 4.6 earthquake (reviewed) occured at 2019-10-28T09:14:10 UTC, Java Sea https://t.co/0nt8oIqdjn",1
0,"MD 3.0 (214 min ago)
85km 18.85¬∞N 66.49¬∞W
Oct 28, 2019 08:30:45 UTC
#earthquake",1
0,"#KincadeFire üî• unofficial, automated update.
At Geyserville, CA. ‚ö†Ô∏è DO NOT USE FOR SAFETY PURPOSES - See officials‚Ä¶ https://t.co/TqoPCB5YSv",0
1,"California, United States of America
MD 2.0 (3 min ago)
2km 38.83¬∞N 122.81¬∞W
Oct 28, 2019 15:26:58 UTC
#earthquake",1
2,"USGS reports a M2.05 #earthquake 7km NW of The Geysers, CA on 10/28/19 @ 15:26:58 UTC https://t.co/50FKIho0h0 #quake",1
3,"1.6 magnitude #earthquake. 8 km from #Cobb, CA, United States https://t.co/jtCUzUYf0a",1
4,"USGS reports a M1.55 #earthquake 6km NW of The Geysers, CA on 10/28/19 @ 15:11:05 UTC https://t.co/0MjGnnK8pm #quake",1
5,"California, United States of America
MD 2.1 (4 min ago)
1km 38.80¬∞N 122.81¬∞W
Oct 28, 2019 14:07:22 UTC
#earthquake",1
6,"2.1 magnitude #earthquake. 8 km from #Cobb, CA, United States https://t.co/Z6ibYwlEEy",1
7,"USGS reports a M2.14 #earthquake 5km WNW of The Geysers, CA on 10/28/19 @ 14:07:22 UTC https://t.co/xH51GkRHVP #quake",1
8,"2.3 magnitude #earthquake. 5 km from Cobb, #CA, United States https://t.co/a6T8Opyg2B",1
9,"California, United States of America
MD 2.3 (3 min ago)
0km 38.80¬∞N 122.77¬∞W
Oct 28, 2019 08:23:35 UTC
#earthquake",1
10,"USGS reports a M2.3 #earthquake 3km NNW of The Geysers, CA on 10/28/19 @ 8:23:35 UTC https://t.co/0No6ZPz5Dn #quake",1
11,"1.6 magnitude #earthquake. 5 km from #Cobb, CA, United States https://t.co/b9M1L9Lc3q",1
12,"USGS reports a M1.64 #earthquake 3km NNW of The Geysers, CA on 10/28/19 @ 8:15:26 UTC https://t.co/zySyJnc5EF #quake",1
13,"Ml 3.3 earthquake (automatic) occured at 2019-10-28T08:10:43 UTC, 4km NNW of The Geysers, CA https://t.co/HQeflhcB8c",1
14,"2.5 magnitude #earthquake. 5 km from Cobb, #CA, ##UnitedStates https://t.co/g6Rbv77OYt",1
15,"California, United States of America
ML 3.3 (4 min ago)
1km 38.81¬∞N 122.78¬∞W
Oct 28, 2019 08:10:43 UTC
#earthquake https://t.co/KrJsCFB1IB",1
16,"USGS reports a M3.3 #earthquake 4km NNW of The Geysers, CA on 10/28/19 @ 8:10:43 UTC https://t.co/RSzPI3A7e5 #quake",1
17,"3.3 earthquake, 4km NNW of The Geysers, CA. 2019-10-28 08:10:43 UTC at epicenter (4m ago, depth 1km). https://t.co/KI1DXbHUFn",1
18,"Md 2.47 earthquake (automatic) occured at 2019-10-28T08:08:09 UTC, 2km NNW of The Geysers, CA https://t.co/UsWYakk1s4",1
19,"California, United States of America
MD 2.5 (3 min ago)
0km 38.80¬∞N 122.77¬∞W
Oct 28, 2019 08:08:09 UTC
#earthquake",1
20,"USGS reports a M2.47 #earthquake 2km NNW of The Geysers, CA on 10/28/19 @ 8:08:09 UTC https://t.co/I8SPhPz1VZ #quake",1
21,"2.5 magnitude #earthquake. 8 km from Cobb, #CA, United States https://t.co/QlnoI4kNR0",1
22,"California, United States of America
MD 2.5 (4 min ago)
1km 38.83¬∞N 122.81¬∞W
Oct 28, 2019 06:45:30 UTC
#earthquake",1
23,"USGS reports a M2.51 #earthquake 8km W of Cobb, CA on 10/28/19 @ 6:45:30 UTC https://t.co/gPn18jjRli #quake",1
24,"Md 2.51 earthquake (automatic) occured at 2019-10-28T06:45:30 UTC, 8km W of Cobb, CA https://t.co/QwoDLEZxLT",1
25,"1.7 magnitude #earthquake. 7 km from #Cobb, CA, United States https://t.co/1Ra80WbT8r",1
26,"USGS reports a M1.67 #earthquake 7km W of Cobb, CA on 10/28/19 @ 2:08:31 UTC https://t.co/3Uq1C4VfuF #quake",1
27,"2.0 magnitude #earthquake. 7 km from #Cobb, CA, United States https://t.co/S01dyVNrgN",1
28,"USGS reports a M1.98 #earthquake 6km NW of The Geysers, CA on 10/27/19 @ 0:22:18 UTC https://t.co/FPZIs7AWg4 #quake",1
29,"Tonight‚Äôs show at Loch Lomond, Roadhouse on Cobb Mountain in Loch Lomond, California is still ON despite power outa‚Ä¶ https://t.co/fv5nijbsZ5",0
30,"USGS reports a M1.23 #earthquake 6km WNW of Cobb, CA on 10/26/19 @ 22:41:27 UTC https://t.co/JQzZQUBpAT #quake",1
31,"USGS reports a M1.34 #earthquake 2km WNW of The Geysers, CA on 10/26/19 @ 21:44:44 UTC https://t.co/zRGyue4ra1 #quake",1
32,"#KincadeFire üî• unofficial, automated update.
Near Cobb, CA. ‚ö†Ô∏è DO NOT USE FOR SAFETY PURPOSES - See officials inste‚Ä¶ https://t.co/dYEyVQ0B1z",0
33,"2.2 magnitude #earthquake. 7 km from Cobb, #CA, United States https://t.co/AaYCS94Mts",1
34,"California, United States of America
MD 2.2 (4 min ago)
0km 38.77¬∞N 122.78¬∞W
Oct 26, 2019 20:01:08 UTC
#earthquake",1
35,"USGS reports a M2.21 #earthquake 2km W of The Geysers, CA on 10/26/19 @ 20:01:08 UTC https://t.co/V9awSbXLUM #quake",1
36,"USGS reports a M2.13 #earthquake 1km SSW of The Geysers, CA on 10/26/19 @ 16:15:04 UTC https://t.co/0ORjV9A5F5 #quake",1
37,"California, United States of America
MD 2.1 (2 min ago)
0km 38.77¬∞N 122.76¬∞W
Oct 26, 2019 16:15:04 UTC
#earthquake",1
0,"#KincadeFire üî• unofficial, automated update.
At Geyserville, CA. ‚ö†Ô∏è DO NOT USE FOR SAFETY PURPOSES - See officials‚Ä¶ https://t.co/TqoPCB5YSv",0
1,"California, United States of America
MD 2.0 (3 min ago)
2km 38.83¬∞N 122.81¬∞W
Oct 28, 2019 15:26:58 UTC
#earthquake",1
2,"USGS reports a M2.05 #earthquake 7km NW of The Geysers, CA on 10/28/19 @ 15:26:58 UTC https://t.co/50FKIho0h0 #quake",1
3,"1.6 magnitude #earthquake. 8 km from #Cobb, CA, United States https://t.co/jtCUzUYf0a",1
4,"USGS reports a M1.55 #earthquake 6km NW of The Geysers, CA on 10/28/19 @ 15:11:05 UTC https://t.co/0MjGnnK8pm #quake",1
5,"California, United States of America
MD 2.1 (4 min ago)
1km 38.80¬∞N 122.81¬∞W
Oct 28, 2019 14:07:22 UTC
#earthquake",1
6,"2.1 magnitude #earthquake. 8 km from #Cobb, CA, United States https://t.co/Z6ibYwlEEy",1
7,"USGS reports a M2.14 #earthquake 5km WNW of The Geysers, CA on 10/28/19 @ 14:07:22 UTC https://t.co/xH51GkRHVP #quake",1
8,"#KincadeFire üî• unofficial, automated update.
At Geyserville, CA. ‚ö†Ô∏è DO NOT USE FOR SAFETY PURPOSES - See officials‚Ä¶ https://t.co/mdWX8Pk8ID",0
9,"2.3 magnitude #earthquake. 5 km from Cobb, #CA, United States https://t.co/a6T8Opyg2B",1
10,"California, United States of America
MD 2.3 (3 min ago)
0km 38.80¬∞N 122.77¬∞W
Oct 28, 2019 08:23:35 UTC
#earthquake",1
11,"USGS reports a M2.3 #earthquake 3km NNW of The Geysers, CA on 10/28/19 @ 8:23:35 UTC https://t.co/0No6ZPz5Dn #quake",1
12,"1.6 magnitude #earthquake. 5 km from #Cobb, CA, United States https://t.co/b9M1L9Lc3q",1
13,"USGS reports a M1.64 #earthquake 3km NNW of The Geysers, CA on 10/28/19 @ 8:15:26 UTC https://t.co/zySyJnc5EF #quake",1
14,"Ml 3.3 earthquake (automatic) occured at 2019-10-28T08:10:43 UTC, 4km NNW of The Geysers, CA https://t.co/HQeflhcB8c",1
15,"2.5 magnitude #earthquake. 5 km from Cobb, #CA, ##UnitedStates https://t.co/g6Rbv77OYt",1
16,"California, United States of America
ML 3.3 (4 min ago)
1km 38.81¬∞N 122.78¬∞W
Oct 28, 2019 08:10:43 UTC
#earthquake https://t.co/KrJsCFB1IB",1
17,"USGS reports a M3.3 #earthquake 4km NNW of The Geysers, CA on 10/28/19 @ 8:10:43 UTC https://t.co/RSzPI3A7e5 #quake",1
18,"3.3 earthquake, 4km NNW of The Geysers, CA. 2019-10-28 08:10:43 UTC at epicenter (4m ago, depth 1km). https://t.co/KI1DXbHUFn",1
19,"Md 2.47 earthquake (automatic) occured at 2019-10-28T08:08:09 UTC, 2km NNW of The Geysers, CA https://t.co/UsWYakk1s4",1
20,"California, United States of America
MD 2.5 (3 min ago)
0km 38.80¬∞N 122.77¬∞W
Oct 28, 2019 08:08:09 UTC
#earthquake",1
21,"USGS reports a M2.47 #earthquake 2km NNW of The Geysers, CA on 10/28/19 @ 8:08:09 UTC https://t.co/I8SPhPz1VZ #quake",1
22,"2.5 magnitude #earthquake. 8 km from Cobb, #CA, United States https://t.co/QlnoI4kNR0",1
23,"California, United States of America
MD 2.5 (4 min ago)
1km 38.83¬∞N 122.81¬∞W
Oct 28, 2019 06:45:30 UTC
#earthquake",1
24,"USGS reports a M2.51 #earthquake 8km W of Cobb, CA on 10/28/19 @ 6:45:30 UTC https://t.co/gPn18jjRli #quake",1
25,"Md 2.51 earthquake (automatic) occured at 2019-10-28T06:45:30 UTC, 8km W of Cobb, CA https://t.co/QwoDLEZxLT",1
26,"#KincadeFire üî• unofficial, automated update.
At Geyserville, CA. ‚ö†Ô∏è DO NOT USE FOR SAFETY PURPOSES - See officials‚Ä¶ https://t.co/zUBGyBUOVk",0
27,"1.7 magnitude #earthquake. 7 km from #Cobb, CA, United States https://t.co/1Ra80WbT8r",1
28,"USGS reports a M1.67 #earthquake 7km W of Cobb, CA on 10/28/19 @ 2:08:31 UTC https://t.co/3Uq1C4VfuF #quake",1
29,"#KincadeFire üî• unofficial, automated update.
At Geyserville, CA. ‚ö†Ô∏è DO NOT USE FOR SAFETY PURPOSES - See officials‚Ä¶ https://t.co/qXOvlSy19T",0
30,"#KincadeFire üî• unofficial, automated update.
At Geyserville, CA. ‚ö†Ô∏è DO NOT USE FOR SAFETY PURPOSES - See officials‚Ä¶ https://t.co/6q0kywDTR4",0
31,"#KincadeFire üî• unofficial, automated update.
At Geyserville, CA. ‚ö†Ô∏è DO NOT USE FOR SAFETY PURPOSES - See officials‚Ä¶ https://t.co/m7ziGPRkq0",0
32,"#KincadeFire üî• unofficial, automated update.
At Geyserville, CA. ‚ö†Ô∏è DO NOT USE FOR SAFETY PURPOSES - See officials‚Ä¶ https://t.co/GDQ96BH3Bl",0
33,"#KincadeFire üî• unofficial, automated update.
At Geyserville, CA. ‚ö†Ô∏è DO NOT USE FOR SAFETY PURPOSES - See officials‚Ä¶ https://t.co/35s8lkh8cu",0
34,"#KincadeFire üî• unofficial, automated update.
At Geyserville, CA. ‚ö†Ô∏è DO NOT USE FOR SAFETY PURPOSES - See officials‚Ä¶ https://t.co/YLfqYSvxiC",0
35,"2.0 magnitude #earthquake. 7 km from #Cobb, CA, United States https://t.co/S01dyVNrgN",1
36,"USGS reports a M1.98 #earthquake 6km NW of The Geysers, CA on 10/27/19 @ 0:22:18 UTC https://t.co/FPZIs7AWg4 #quake",1
37,"#KincadeFire üî• unofficial, automated update.
At Geyserville, CA. ‚ö†Ô∏è DO NOT USE FOR SAFETY PURPOSES - See officials‚Ä¶ https://t.co/2EIIaqOruB",0
38,"USGS reports a M1.23 #earthquake 6km WNW of Cobb, CA on 10/26/19 @ 22:41:27 UTC https://t.co/JQzZQUBpAT #quake",1
39,"USGS reports a M1.34 #earthquake 2km WNW of The Geysers, CA on 10/26/19 @ 21:44:44 UTC https://t.co/zRGyue4ra1 #quake",1
40,"#KincadeFire üî• unofficial, automated update.
Near Cobb, CA. ‚ö†Ô∏è DO NOT USE FOR SAFETY PURPOSES - See officials inste‚Ä¶ https://t.co/dYEyVQ0B1z",0
41,"2.2 magnitude #earthquake. 7 km from Cobb, #CA, United States https://t.co/AaYCS94Mts",1
42,"California, United States of America
MD 2.2 (4 min ago)
0km 38.77¬∞N 122.78¬∞W
Oct 26, 2019 20:01:08 UTC
#earthquake",1
43,"USGS reports a M2.21 #earthquake 2km W of The Geysers, CA on 10/26/19 @ 20:01:08 UTC https://t.co/V9awSbXLUM #quake",1
44,"USGS reports a M2.13 #earthquake 1km SSW of The Geysers, CA on 10/26/19 @ 16:15:04 UTC https://t.co/0ORjV9A5F5 #quake",1
45,"California, United States of America
MD 2.1 (2 min ago)
0km 38.77¬∞N 122.76¬∞W
Oct 26, 2019 16:15:04 UTC
#earthquake",1
0,"5.1 earthquake, 41km SW of Honiara, Solomon Islands. 2019-10-28 19:01:39 at epicenter (22m ago, depth 23km). https://t.co/m0gx5uzdrY",1
1,"Mb 5.1 earthquake (reviewed) occured at 2019-10-28T08:01:39 UTC, 41km SW of Honiara, Solomon Islands https://t.co/FZp6ooUOAL",1
2,"USGS reports a M5.1 #earthquake 41km SW of Honiara, Solomon Islands on 10/28/19 @ 8:01:39 UTC https://t.co/EX0m0nGqom #quake",1
3,"A 5.1 magnitude earthquake occurred 25.48mi SW of Honiara, Solomon Islands. Details: https://t.co/TXByqhSadb Map: https://t.co/EZf72tUHot",1
4,"M5.1 SOLOMON ISLANDS Depth 23.3km Oct 28, 2019 08:01:39 UTC, Oct 28, 2019 19:01:39 at epicenter https://t.co/y95VFb2YOp",1
5,"„ÄêM5.1„ÄëSOLOMON ISLANDS 23.3km 2019/10/28 17:01:39JST, 2019/10/28 08:01:39UTC
(G)https://t.co/1xA9BnbLK0 (USGS)https://t.co/s6li6WZ3xg",1
0,"USGS reports a M1.97 #earthquake 23km SSW of Los Banos, CA on 10/28/19 @ 8:12:01 UTC https://t.co/XBsPi0qS1w #quake",1
1,"Ml 3.69 earthquake (reviewed) occured at 2019-10-28T07:55:49 UTC, 24km SSW of Los Banos, CA https://t.co/GotAuxqGWs",1
2,"3.7 earthquake, 24km SSW of Los Banos, CA. 2019-10-27 23:55:49 at epicenter (6m ago, depth 3.7km). https://t.co/wiHxjzaGOa",1
3,"Minor 3.69 earthquake: 00:55:49 on 10/28. Loc: 14.9mi SSW of Los Banos, CA. Depth: 2.3 mi https://t.co/EBlVX9gNi0",1
4,"3.7 magnitude #earthquake. 24 km from Los Banos, #CA, United States https://t.co/CjfJDH6uDn",1
5,"Ml 3.69 earthquake (automatic) occured at 2019-10-28T07:55:49 UTC, 24km SSW of Los Banos, CA https://t.co/GotAuxqGWs",1
6,"USGS reports a M3.69 #earthquake 24km SSW of Los Banos, CA on 10/28/19 @ 7:55:49 UTC https://t.co/6fqsGJoiKW #quake",1
7,"California, United States of America
ML 3.7 (3 min ago)
4km 36.87¬∞N 120.98¬∞W
Oct 28, 2019 07:55:49 UTC
#earthquake https://t.co/x3SdD3CI5A",1
8,"Md 2.47 earthquake (automatic) occured at 2019-10-28T07:42:27 UTC, 24km SSW of Los Banos, CA https://t.co/INcNSi8wk6",1
9,"California, United States of America
MD 2.5 (3 min ago)
0km 36.88¬∞N 120.98¬∞W
Oct 28, 2019 07:42:27 UTC
#earthquake",1
10,"USGS reports a M2.47 #earthquake 24km SSW of Los Banos, CA on 10/28/19 @ 7:42:27 UTC https://t.co/Mjn2p4htEE #quake",1
11,"1.6 magnitude #earthquake. 25 km from #LosBanos, CA, United States https://t.co/0NGe2CFhrE",1
12,"USGS reports a M1.57 #earthquake 25km SSW of Los Banos, CA on 10/27/19 @ 14:23:22 UTC https://t.co/jjGLrdAdlM #quake",1
0,"USGS reports a M1.97 #earthquake 23km SSW of Los Banos, CA on 10/28/19 @ 8:12:01 UTC https://t.co/XBsPi0qS1w #quake",1
1,"Ml 3.69 earthquake (reviewed) occured at 2019-10-28T07:55:49 UTC, 24km SSW of Los Banos, CA https://t.co/GotAuxqGWs",1
2,"3.7 earthquake, 24km SSW of Los Banos, CA. 2019-10-27 23:55:49 at epicenter (6m ago, depth 3.7km). https://t.co/wiHxjzaGOa",1
3,"Minor 3.69 earthquake: 00:55:49 on 10/28. Loc: 14.9mi SSW of Los Banos, CA. Depth: 2.3 mi https://t.co/EBlVX9gNi0",1
4,"3.7 magnitude #earthquake. 24 km from Los Banos, #CA, United States https://t.co/CjfJDH6uDn",1
5,"Ml 3.69 earthquake (automatic) occured at 2019-10-28T07:55:49 UTC, 24km SSW of Los Banos, CA https://t.co/GotAuxqGWs",1
6,"USGS reports a M3.69 #earthquake 24km SSW of Los Banos, CA on 10/28/19 @ 7:55:49 UTC https://t.co/6fqsGJoiKW #quake",1
7,"California, United States of America
ML 3.7 (3 min ago)
4km 36.87¬∞N 120.98¬∞W
Oct 28, 2019 07:55:49 UTC
#earthquake https://t.co/x3SdD3CI5A",1
8,"Md 2.47 earthquake (automatic) occured at 2019-10-28T07:42:27 UTC, 24km SSW of Los Banos, CA https://t.co/INcNSi8wk6",1
9,"California, United States of America
MD 2.5 (3 min ago)
0km 36.88¬∞N 120.98¬∞W
Oct 28, 2019 07:42:27 UTC
#earthquake",1
10,"USGS reports a M2.47 #earthquake 24km SSW of Los Banos, CA on 10/28/19 @ 7:42:27 UTC https://t.co/Mjn2p4htEE #quake",1
11,"1.6 magnitude #earthquake. 25 km from #LosBanos, CA, United States https://t.co/0NGe2CFhrE",1
12,"USGS reports a M1.57 #earthquake 25km SSW of Los Banos, CA on 10/27/19 @ 14:23:22 UTC https://t.co/jjGLrdAdlM #quake",1
0,"California, United States of America
MD 2.0 (3 min ago)
2km 38.83¬∞N 122.81¬∞W
Oct 28, 2019 15:26:58 UTC
#earthquake",1
1,"USGS reports a M2.05 #earthquake 7km NW of The Geysers, CA on 10/28/19 @ 15:26:58 UTC https://t.co/50FKIho0h0 #quake",1
2,"1.6 magnitude #earthquake. 8 km from #Cobb, CA, United States https://t.co/jtCUzUYf0a",1
3,"USGS reports a M1.55 #earthquake 6km NW of The Geysers, CA on 10/28/19 @ 15:11:05 UTC https://t.co/0MjGnnK8pm #quake",1
4,"California, United States of America
MD 2.1 (4 min ago)
1km 38.80¬∞N 122.81¬∞W
Oct 28, 2019 14:07:22 UTC
#earthquake",1
5,"2.1 magnitude #earthquake. 8 km from #Cobb, CA, United States https://t.co/Z6ibYwlEEy",1
6,"USGS reports a M2.14 #earthquake 5km WNW of The Geysers, CA on 10/28/19 @ 14:07:22 UTC https://t.co/xH51GkRHVP #quake",1
7,"2.3 magnitude #earthquake. 5 km from Cobb, #CA, United States https://t.co/a6T8Opyg2B",1
8,"California, United States of America
MD 2.3 (3 min ago)
0km 38.80¬∞N 122.77¬∞W
Oct 28, 2019 08:23:35 UTC
#earthquake",1
9,"USGS reports a M2.3 #earthquake 3km NNW of The Geysers, CA on 10/28/19 @ 8:23:35 UTC https://t.co/0No6ZPz5Dn #quake",1
10,"1.6 magnitude #earthquake. 5 km from #Cobb, CA, United States https://t.co/b9M1L9Lc3q",1
11,"USGS reports a M1.64 #earthquake 3km NNW of The Geysers, CA on 10/28/19 @ 8:15:26 UTC https://t.co/zySyJnc5EF #quake",1
12,"Ml 3.3 earthquake (automatic) occured at 2019-10-28T08:10:43 UTC, 4km NNW of The Geysers, CA https://t.co/HQeflhcB8c",1
13,"2.5 magnitude #earthquake. 5 km from Cobb, #CA, ##UnitedStates https://t.co/g6Rbv77OYt",1
14,"California, United States of America
ML 3.3 (4 min ago)
1km 38.81¬∞N 122.78¬∞W
Oct 28, 2019 08:10:43 UTC
#earthquake https://t.co/KrJsCFB1IB",1
15,"USGS reports a M3.3 #earthquake 4km NNW of The Geysers, CA on 10/28/19 @ 8:10:43 UTC https://t.co/RSzPI3A7e5 #quake",1
16,"3.3 earthquake, 4km NNW of The Geysers, CA. 2019-10-28 08:10:43 UTC at epicenter (4m ago, depth 1km). https://t.co/KI1DXbHUFn",1
17,"Md 2.47 earthquake (automatic) occured at 2019-10-28T08:08:09 UTC, 2km NNW of The Geysers, CA https://t.co/UsWYakk1s4",1
18,"California, United States of America
MD 2.5 (3 min ago)
0km 38.80¬∞N 122.77¬∞W
Oct 28, 2019 08:08:09 UTC
#earthquake",1
19,"USGS reports a M2.47 #earthquake 2km NNW of The Geysers, CA on 10/28/19 @ 8:08:09 UTC https://t.co/I8SPhPz1VZ #quake",1
20,"2.5 magnitude #earthquake. 8 km from Cobb, #CA, United States https://t.co/QlnoI4kNR0",1
21,"California, United States of America
MD 2.5 (4 min ago)
1km 38.83¬∞N 122.81¬∞W
Oct 28, 2019 06:45:30 UTC
#earthquake",1
22,"USGS reports a M2.51 #earthquake 8km W of Cobb, CA on 10/28/19 @ 6:45:30 UTC https://t.co/gPn18jjRli #quake",1
23,"Md 2.51 earthquake (automatic) occured at 2019-10-28T06:45:30 UTC, 8km W of Cobb, CA https://t.co/QwoDLEZxLT",1
24,"1.7 magnitude #earthquake. 7 km from #Cobb, CA, United States https://t.co/1Ra80WbT8r",1
25,"USGS reports a M1.67 #earthquake 7km W of Cobb, CA on 10/28/19 @ 2:08:31 UTC https://t.co/3Uq1C4VfuF #quake",1
26,"2.0 magnitude #earthquake. 7 km from #Cobb, CA, United States https://t.co/S01dyVNrgN",1
27,"USGS reports a M1.98 #earthquake 6km NW of The Geysers, CA on 10/27/19 @ 0:22:18 UTC https://t.co/FPZIs7AWg4 #quake",1
28,"Tonight‚Äôs show at Loch Lomond, Roadhouse on Cobb Mountain in Loch Lomond, California is still ON despite power outa‚Ä¶ https://t.co/fv5nijbsZ5",0
29,"USGS reports a M1.23 #earthquake 6km WNW of Cobb, CA on 10/26/19 @ 22:41:27 UTC https://t.co/JQzZQUBpAT #quake",1
30,"USGS reports a M1.34 #earthquake 2km WNW of The Geysers, CA on 10/26/19 @ 21:44:44 UTC https://t.co/zRGyue4ra1 #quake",1
31,"#KincadeFire üî• unofficial, automated update.
Near Cobb, CA. ‚ö†Ô∏è DO NOT USE FOR SAFETY PURPOSES - See officials inste‚Ä¶ https://t.co/dYEyVQ0B1z",0
32,"2.2 magnitude #earthquake. 7 km from Cobb, #CA, United States https://t.co/AaYCS94Mts",1
33,"California, United States of America
MD 2.2 (4 min ago)
0km 38.77¬∞N 122.78¬∞W
Oct 26, 2019 20:01:08 UTC
#earthquake",1
34,"USGS reports a M2.21 #earthquake 2km W of The Geysers, CA on 10/26/19 @ 20:01:08 UTC https://t.co/V9awSbXLUM #quake",1
35,"USGS reports a M2.13 #earthquake 1km SSW of The Geysers, CA on 10/26/19 @ 16:15:04 UTC https://t.co/0ORjV9A5F5 #quake",1
36,"California, United States of America
MD 2.1 (2 min ago)
0km 38.77¬∞N 122.76¬∞W
Oct 26, 2019 16:15:04 UTC
#earthquake",1
37,"1.7 magnitude #earthquake. 5 km from #Cobb, CA, United States https://t.co/ed78g4o6fU",1
0,"Md 3.4 earthquake (reviewed) occured at 2019-10-28T16:29:46 UTC, 68km N of Isabela, Puerto Rico https://t.co/5Bijvlayd1",1
1,"USGS reports a M3.4 #earthquake 67km N of San Antonio, Puerto Rico on 10/28/19 @ 16:29:46 UTC https://t.co/eR6cE62xsH #quake",1
2,"MD 3.4 (27 min ago)
7km 19.09¬∞N 67.22¬∞W
Oct 28, 2019 16:29:46 UTC
#earthquake",1
3,"Md 3.4 earthquake (reviewed) occured at 2019-10-28T16:29:46 UTC, 67km N of San Antonio, Puerto Rico https://t.co/5Bijvlayd1",1
4,"MD 2.8 (93 min ago)
12km 19.13¬∞N 67.30¬∞W
Oct 28, 2019 05:19:43 UTC
#earthquake",1
5,"MD 2.6 (302 min ago)
10km 19.08¬∞N 67.43¬∞W
Oct 27, 2019 16:09:08 UTC
#earthquake",1
6,"Md 3.17 earthquake (reviewed) occured at 2019-10-27T19:59:13 UTC, 65km NNW of San Antonio, Puerto Rico https://t.co/NJDiVGNCrZ",1
7,"MD 3.2 (20 min ago)
10km 19.08¬∞N 67.27¬∞W
Oct 27, 2019 19:59:13 UTC
#earthquake",1
8,"USGS reports a M3.17 #earthquake 68km NNW of San Antonio, Puerto Rico on 10/27/19 @ 19:59:13 UTC https://t.co/SQez8SVZ0s #quake",1
9,"Md 3.17 earthquake (reviewed) occured at 2019-10-27T19:59:13 UTC, 68km NNW of San Antonio, Puerto Rico https://t.co/NJDiVGNCrZ",1
10,"MD 2.5 (288 min ago)
24km 19.10¬∞N 67.20¬∞W
Oct 27, 2019 14:19:10 UTC
#earthquake",1
11,"Mb 4.5 earthquake (reviewed) occured at 2019-10-27T13:48:41 UTC, 72km NNW of Isabela, Puerto Rico https://t.co/a1WsEAgkR1",1
12,"Mb 4.4 earthquake (reviewed) occured at 2019-10-27T13:29:47 UTC, 70km N of San Antonio, Puerto Rico https://t.co/ufStrYdaXE",1
13,"Mb 4.5 earthquake (reviewed) occured at 2019-10-27T13:48:42 UTC, 70km NNW of Isabela, Puerto Rico https://t.co/a1WsEAgkR1",1
14,"USGS reports a M4.5 #earthquake 68km NNW of San Antonio, Puerto Rico on 10/27/19 @ 13:29:48 UTC https://t.co/Jtire27sAn #quake",1
15,"Mb 4.5 earthquake (reviewed) occured at 2019-10-27T13:29:48 UTC, 64km NNW of Isabela, Puerto Rico https://t.co/ufStrYdaXE",1
16,"MD 2.6 (150 min ago)
10km 19.10¬∞N 67.24¬∞W
Oct 26, 2019 20:57:23 UTC
#earthquake",1
17,"MD 2.6 (230 min ago)
13km 19.08¬∞N 67.25¬∞W
Oct 24, 2019 08:11:09 UTC
#earthquake",1
18,"MD 2.7 (303 min ago)
39km 19.13¬∞N 67.28¬∞W
Oct 24, 2019 04:04:18 UTC
#earthquake",1
19,"MD 3.0 (35 min ago)
7km 19.14¬∞N 67.17¬∞W
Oct 24, 2019 05:45:42 UTC
#earthquake",1
20,"Md 2.97 earthquake (reviewed) occured at 2019-10-24T05:45:42 UTC, 72km NNW of Isabela, Puerto Rico https://t.co/XVr5m46z58",1
21,"MD 3.0 (89 min ago)
30km 19.20¬∞N 67.26¬∞W
Oct 22, 2019 18:48:23 UTC
#earthquake",1
22,"MD 2.8 (271 min ago)
13km 19.10¬∞N 67.22¬∞W
Oct 22, 2019 07:15:58 UTC
#earthquake",1
23,"MD 3.0 (127 min ago)
22km 19.09¬∞N 67.23¬∞W
Oct 22, 2019 01:18:31 UTC
#earthquake",1
24,"USGS reports a M2.89 #earthquake 76km NNW of San Antonio, Puerto Rico on 10/21/19 @ 23:27:51 UTC https://t.co/7bhQAaVRpV #quake",1
25,"MD 2.9 (17 min ago)
10km 19.14¬∞N 67.35¬∞W
Oct 21, 2019 23:27:51 UTC
#earthquake",1
26,"Md 2.89 earthquake (reviewed) occured at 2019-10-21T23:27:51 UTC, 76km NNW of San Antonio, Puerto Rico https://t.co/yHgvv96KCT",1
27,"USGS reports a M2.91 #earthquake 80km NNW of San Antonio, Puerto Rico on 10/21/19 @ 14:40:41 UTC https://t.co/Fn7a7YvVCk #quake",1
28,"MD 2.9 (50 min ago)
37km 19.19¬∞N 67.32¬∞W
Oct 21, 2019 14:40:41 UTC
#earthquake",1
29,"Md 2.91 earthquake (reviewed) occured at 2019-10-21T14:40:41 UTC, 80km NNW of San Antonio, Puerto Rico https://t.co/T2qZbH9G9L",1
30,"MD 2.9 (208 min ago)
68km 19.18¬∞N 67.20¬∞W
Oct 21, 2019 06:25:16 UTC
#earthquake",1
31,"MD 2.8 (210 min ago)
15km 19.13¬∞N 67.28¬∞W
Oct 21, 2019 06:21:18 UTC
#earthquake",1
32,"USGS reports a M2.96 #earthquake 79km NNW of San Antonio, Puerto Rico on 10/20/19 @ 20:09:07 UTC https://t.co/U92zORhKo1 #quake",1
33,"MD 3.0 (50 min ago)
10km 19.17¬∞N 67.34¬∞W
Oct 20, 2019 20:09:07 UTC
#earthquake",1
34,"Md 2.96 earthquake (reviewed) occured at 2019-10-20T20:09:07 UTC, 79km NNW of San Antonio, Puerto Rico https://t.co/6TOJCDivKT",1
0,"British Virgin Islands
MD 2.8 (105 min ago)
50km 18.74¬∞N 64.27¬∞W
Oct 28, 2019 05:07:39 UTC
#earthquake",1
1,‚Ä¢ it doesn‚Äôt get better than this ‚òÄÔ∏è https://t.co/V5tJHSNIVS,0
0,"MD 2.6 (138 min ago)
30km 19.30¬∞N 67.40¬∞W
Oct 28, 2019 04:35:14 UTC
#earthquake",1
1,"MD 2.6 (277 min ago)
26km 19.26¬∞N 67.28¬∞W
Oct 28, 2019 01:28:07 UTC
#earthquake",1
2,"MD 2.7 (287 min ago)
50km 19.24¬∞N 67.35¬∞W
Oct 27, 2019 13:43:34 UTC
#earthquake",1
3,"Md 2.69 earthquake (reviewed) occured at 2019-10-27T03:08:47 UTC, 92km NNW of San Antonio, Puerto Rico https://t.co/1S9J1KmbPX",1
4,"MD 2.7 (42 min ago)
21km 19.33¬∞N 67.39¬∞W
Oct 27, 2019 03:08:47 UTC
#earthquake",1
5,"USGS reports a M2.69 #earthquake 97km NNW of San Antonio, Puerto Rico on 10/27/19 @ 3:08:47 UTC https://t.co/VniHCPFCvw #quake",1
6,"Md 2.69 earthquake (reviewed) occured at 2019-10-27T03:08:47 UTC, Puerto Rico region https://t.co/1S9J1KmbPX",1
7,"MD 3.1 (109 min ago)
45km 19.30¬∞N 67.37¬∞W
Oct 25, 2019 09:13:49 UTC
#earthquake",1
8,"MD 2.7 (297 min ago)
26km 19.28¬∞N 67.43¬∞W
Oct 25, 2019 05:04:31 UTC
#earthquake",1
9,"MD 2.5 (218 min ago)
20km 19.27¬∞N 67.25¬∞W
Oct 24, 2019 08:22:45 UTC
#earthquake",1
10,"MD 3.0 (349 min ago)
28km 19.26¬∞N 67.30¬∞W
Oct 23, 2019 11:59:43 UTC
#earthquake",1
11,"MD 3.0 (27 min ago)
18km 19.28¬∞N 67.42¬∞W
Oct 21, 2019 20:54:12 UTC
#earthquake",1
12,"USGS reports a M3.01 #earthquake 93km NNW of San Antonio, Puerto Rico on 10/21/19 @ 20:54:12 UTC https://t.co/k8gdK8yP1k #quake",1
13,"Md 3.01 earthquake (reviewed) occured at 2019-10-21T20:54:12 UTC, 93km NNW of San Antonio, Puerto Rico https://t.co/gg0Bq0YH7C",1
14,"Md 2.92 earthquake (reviewed) occured at 2019-10-19T21:13:32 UTC, 88km NNW of San Antonio, Puerto Rico https://t.co/uYQSZP3gwV",1
15,"MD 2.9 (21 min ago)
25km 19.27¬∞N 67.31¬∞W
Oct 19, 2019 21:13:32 UTC
#earthquake",1
16,"USGS reports a M2.92 #earthquake 88km NNW of San Antonio, Puerto Rico on 10/19/19 @ 21:13:32 UTC https://t.co/N3yUGAxOtM #quake",1
0,"A 5.0 magnitude earthquake occurred 61.52mi NNE of Tobelo, Indonesia. Details: https://t.co/H6clQhBEdn Map: https://t.co/78nm9sMS6P",1
0,"Alaska, United States of America
ML 2.5 (64 min ago)
2km 66.26¬∞N 157.27¬∞W
Oct 28, 2019 03:55:27 UTC
#earthquake",1
1,"Ml 2.5 earthquake (automatic) occured at 2019-10-28T03:55:27 UTC, 74km SSW of Kobuk, Alaska https://t.co/fFwNSbYWlF",1
2,"Ml 2.6 earthquake (automatic) occured at 2019-10-28T03:55:27 UTC, 74km SSW of Kobuk, Alaska https://t.co/fFwNSbYWlF",1
3,USGS reports a M2.7 #earthquake northern Alaska on 10/28/19 @ 3:55:27 UTC https://t.co/atNlQws2wl #quake,1
4,"Ml 2.7 earthquake (automatic) occured at 2019-10-28T03:55:27 UTC, northern Alaska https://t.co/fFwNSbYWlF",1
5,1.7 magnitude #earthquake. Northern Alaska https://t.co/sFove0TuuD,1
6,"Alaska, United States of America
ML 2.8 (200 min ago)
0km 66.21¬∞N 157.29¬∞W
Oct 26, 2019 17:03:28 UTC
#earthquake",1
7,USGS reports a M2.9 #earthquake northern Alaska on 10/26/19 @ 17:03:28 UTC https://t.co/NN9EUoTsLA #quake,1
8,"Ml 2.9 earthquake (automatic) occured at 2019-10-26T17:03:28 UTC, northern Alaska https://t.co/6Jr36rxZhJ",1
9,USGS reports a M2.5 #earthquake northern Alaska on 10/26/19 @ 2:40:06 UTC https://t.co/m09Z4qcUvo #quake,1
10,"Ml 2.5 earthquake (automatic) occured at 2019-10-26T02:40:06 UTC, northern Alaska https://t.co/gkFPDtQpsp",1
11,"Ml 2.5 earthquake (automatic) occured at 2019-10-26T02:40:05 UTC, northern Alaska https://t.co/gkFPDtQpsp",1
12,"Ml 3.1 earthquake (automatic) occured at 2019-10-25T22:54:25 UTC, 73km SSW of Kobuk, Alaska https://t.co/OeShEBafrR",1
13,"Ml 3.1 earthquake (automatic) occured at 2019-10-25T22:54:25 UTC, 72km SSW of Kobuk, Alaska https://t.co/OeShEBafrR",1
14,"Alaska, United States of America
ML 3.1 (7 min ago)
0km 66.27¬∞N 157.21¬∞W
Oct 25, 2019 22:54:25 UTC
#earthquake https://t.co/ughhCN7m64",1
15,USGS reports a M3.1 #earthquake northern Alaska on 10/25/19 @ 22:54:25 UTC https://t.co/UTA1ixp7cZ #quake,1
16,"Ml 3.1 earthquake (automatic) occured at 2019-10-25T22:54:25 UTC, northern Alaska https://t.co/OeShEBafrR",1
17,USGS reports a M1.6 #earthquake northern Alaska on 10/25/19 @ 22:35:05 UTC https://t.co/1Wj3ImkcZZ #quake,1
18,USGS reports a M1.8 #earthquake northern Alaska on 10/22/19 @ 23:31:33 UTC https://t.co/U9Jd1B3onD #quake,1
19,"Alaska, United States of America
ML 3.0 (7 min ago)
0km 66.19¬∞N 157.29¬∞W
Oct 22, 2019 19:57:54 UTC
#earthquake https://t.co/BA6IPsAwAe",1
20,"USGS reports a M2.1 #earthquake 76km S of Kobuk, Alaska on 10/22/19 @ 19:55:03 UTC https://t.co/EnRzwVGTkU #quake",1
21,USGS reports a M1.7 #earthquake northern Alaska on 10/21/19 @ 18:42:56 UTC https://t.co/FScDcxeP7M #quake,1
22,"Alaska, United States of America
ML 2.6 (114 min ago)
6km 66.31¬∞N 157.28¬∞W
Oct 21, 2019 16:26:38 UTC
#earthquake",1
23,USGS reports a M1.6 #earthquake northern Alaska on 10/21/19 @ 17:16:03 UTC https://t.co/vvesEn5t4c #quake,1
24,"Ml 2.7 earthquake (automatic) occured at 2019-10-21T05:28:25 UTC, 77km SSW of Kobuk, Alaska https://t.co/5mqKD1KzYg",1
25,"USGS reports a M1.4 #earthquake 76km S of Kobuk, Alaska on 10/21/19 @ 3:38:36 UTC https://t.co/rVlXDumYL8 #quake",1
26,USGS reports a M1.4 #earthquake northern Alaska on 10/20/19 @ 16:07:16 UTC https://t.co/iYRG8za2ng #quake,1
0,"Mww 5.1 earthquake (reviewed) occured at 2019-10-28T03:55:06 UTC, 12km WSW of San Jose de Jachal, Argentina https://t.co/pN4aEjfmtj",1
1,"Mww 5.1 earthquake (reviewed) occured at 2019-10-28T03:55:06 UTC, 12km WSW of San Jose de Jachal, Argentina https://t.co/pN4aEiXLBL",1
2,"USGS reports a M5.1 #earthquake 12km WSW of San Jose de Jachal, Argentina on 10/28/19 @ 3:55:06 UTC https://t.co/E4dI79DIgs #quake",1
3,"5.1 magnitude earthquake occurred 7.46mi WSW of San Jose de Jachal, Argentina. Details: https://t.co/wAD0JERULO Map: https://t.co/lMLK1tiyWe",1
4,"5.1 earthquake, 12km WSW of San Jose de Jachal, Argentina. 2019-10-28 00:55:06 at epicenter (19m ago, depth 10km). https://t.co/3DBcb8lI4S",1
0,@holinka He is extremely sun burned so he‚Äôs trying to protect that area :(,0
1,üíÄüíÄ please https://t.co/MdSIDwlNWq,0
2,@miicheelleed i‚Äôm pissed,0
3,Buen thread https://t.co/CNWelaWoeG,0
4,Kiss me hard before you go,0
5,"@gabiekin_ Don't need makeup, she has nature beauty.",0
6,@bootyboricua miupi dice que es ‚Äúaceptable‚Äù. what the fuck is this supposed to mean? why is this so ambiguous?,0
7,"well, at least i look good naked",0
8,@JazzyJJ1999 Me neither!,0
9,You famous ü§≠ https://t.co/swfJIbmRxb,0
10,@baldheaded1der Hello Ryan do you have the National League too? Or you are going to write it later on?,0
11,"about to take this eye test, cant wait for them to tell me im blind",0
12,@thehexhypoxia Funny I love coconut cake ü§£ü§£ü§£,0
13,cuteness overload https://t.co/gp7mzSivyX,0
14,"Career tip for landing jobs like ""Mechanic"" in #Bayam√≥n, Bayam√≥n. Go on informational interviews. The best way to g‚Ä¶ https://t.co/9WvBZkTto4",0
0,22 days without alcohol and my body already feels pretty goodüòçüòçüòçüôå,0
1,"""Former White House national security adviser fails to appear in impeachment inquiry""  https://t.co/TE7lz1iySy",0
2,Once you play basketball you never want to play a different sport basketball is intense and a physical game can‚Äôt handle it play golf,0
3,"@SamsungUS on the ph now w your cust serv, been waiting for a shipping label that never arrived. Now they tell me t‚Ä¶ https://t.co/kP4N4e76bo",0
4,@Morning_Joe @JoeNBC We are Americans! It's our duty to remove a stain such as this @POTUS! Give him an inch and he‚Ä¶ https://t.co/A8jvbOVXEd,0
5,@Drive_pedia @LDYPrefers2Save Crappy site. All ads. #ClickBait #nobueno,0
6,"Just posted a photo @ Salinas, Puerto Rico https://t.co/RAd5UW9n2d",0
7,"@Terrence_STR Hes mumbling something to them, lool at his mouth and their faces after he stops. Lol",0
8,"@Trace___65roses @brooklynmarie @JenniferJJacobs That's when he realized, that fan has been smelling like shit for‚Ä¶ https://t.co/tXxoFmhs0I",0
9,@JenniferJJacobs Do you think our soldiers were ordered to wave those hats? They look coached. ü§∑‚Äç‚ôÇÔ∏è,0
10,"""President Trump greeted with 'Lock him up' chants at the World Series""  https://t.co/aAehHrfhcp",0
11,USGS reports a M2.72 #earthquake Puerto Rico region on 10/28/19 @ 3:05:13 UTC https://t.co/dTNnf5VrXR #quake,1
12,"Md 2.72 earthquake (reviewed) occured at 2019-10-28T03:05:13 UTC, Puerto Rico region https://t.co/mHrR3jgYSS",1
13,@Krystall_19 @lacurlii be like:,0
14,@JakeWebber9 Wtf jake,0
15,@jerez0318 Dismissed! üëåüèº,0
16,@jerez0318 üòÇ I got you!,0
17,Copion,0
18,Ponle caption: https://t.co/GLldAffxbw,0
19,"If jobs with titles like ""ELECTRONICS MECHANIC (D1204000)"" sound appealing to you, follow us to hear about these ty‚Ä¶ https://t.co/Ud7OcHcCp8",0
20,@emmachamberlain Are u serious? üòÇü§¶üèª‚Äç‚ôÄÔ∏è,0
0,"MD 2.9 (205 min ago)
95km 18.94¬∞N 67.24¬∞W
Oct 28, 2019 02:40:03 UTC
#earthquake",1
1,"ML 3.5 (347 min ago)
29km 18.99¬∞N 67.27¬∞W
Oct 27, 2019 13:51:40 UTC
#earthquake",1
2,"MD 2.7 (167 min ago)
6km 18.92¬∞N 67.19¬∞W
Oct 26, 2019 02:14:25 UTC
#earthquake",1
0,"Md 3.4 earthquake (reviewed) occured at 2019-10-28T16:29:46 UTC, 68km N of Isabela, Puerto Rico https://t.co/5Bijvlayd1",1
1,"USGS reports a M3.4 #earthquake 67km N of San Antonio, Puerto Rico on 10/28/19 @ 16:29:46 UTC https://t.co/eR6cE62xsH #quake",1
2,"MD 3.4 (27 min ago)
7km 19.09¬∞N 67.22¬∞W
Oct 28, 2019 16:29:46 UTC
#earthquake",1
3,"Md 3.4 earthquake (reviewed) occured at 2019-10-28T16:29:46 UTC, 67km N of San Antonio, Puerto Rico https://t.co/5Bijvlayd1",1
4,"MD 2.8 (224 min ago)
79km 19.05¬∞N 67.11¬∞W
Oct 28, 2019 02:21:18 UTC
#earthquake",1
5,"Md 3.17 earthquake (reviewed) occured at 2019-10-27T19:59:13 UTC, 65km NNW of San Antonio, Puerto Rico https://t.co/NJDiVGNCrZ",1
6,"MD 3.2 (20 min ago)
10km 19.08¬∞N 67.27¬∞W
Oct 27, 2019 19:59:13 UTC
#earthquake",1
7,"USGS reports a M3.17 #earthquake 68km NNW of San Antonio, Puerto Rico on 10/27/19 @ 19:59:13 UTC https://t.co/SQez8SVZ0s #quake",1
8,"Md 3.17 earthquake (reviewed) occured at 2019-10-27T19:59:13 UTC, 68km NNW of San Antonio, Puerto Rico https://t.co/NJDiVGNCrZ",1
9,"MD 2.5 (288 min ago)
24km 19.10¬∞N 67.20¬∞W
Oct 27, 2019 14:19:10 UTC
#earthquake",1
10,"MD 3.1 (315 min ago)
10km 19.04¬∞N 67.28¬∞W
Oct 27, 2019 13:51:41 UTC
#earthquake",1
11,"Ml 4.3 earthquake (REVIEWED) occured at 2019-10-27T13:48:44 UTC, 61km NNW of San Antonio, Puerto Rico https://t.co/Tw5LrYxqkp",1
12,"USGS reports a M4.3 #earthquake 61km NNW of San Antonio, Puerto Rico on 10/27/19 @ 13:48:44 UTC https://t.co/rDlvUyP8Ba #quake",1
13,"4.3 earthquake, 61km NNW of San Antonio, Puerto Rico. 2019-10-27 09:48:44 at epicenter (6m ago, depth 22km). https://t.co/MG7UejZYga",1
14,"USGS reports a M4.5 #earthquake 68km NNW of San Antonio, Puerto Rico on 10/27/19 @ 13:29:48 UTC https://t.co/Jtire27sAn #quake",1
15,"Mb 4.5 earthquake (reviewed) occured at 2019-10-27T13:29:48 UTC, 64km NNW of Isabela, Puerto Rico https://t.co/ufStrYdaXE",1
16,"4.4 earthquake, 64km NNW of Isabela, Puerto Rico. 2019-10-27 09:29:50 at epicenter (6m ago, depth 33km). https://t.co/Db2PUrWiR1",1
17,"4.4 earthquake, 64km NNW of Isabela, Puerto Rico. 2019-10-27 09:29:50 at epicenter (6m ago, depth 33km). https://t.co/0UdY7jIJkt",1
18,"Ml 4.4 earthquake (REVIEWED) occured at 2019-10-27T13:29:50 UTC, 64km NNW of Isabela, Puerto Rico https://t.co/S705X5RO5X",1
19,"MD 2.6 (150 min ago)
10km 19.10¬∞N 67.24¬∞W
Oct 26, 2019 20:57:23 UTC
#earthquake",1
20,"MD 2.9 (75 min ago)
28km 19.06¬∞N 67.15¬∞W
Oct 25, 2019 14:24:16 UTC
#earthquake",1
21,"MD 2.6 (230 min ago)
13km 19.08¬∞N 67.25¬∞W
Oct 24, 2019 08:11:09 UTC
#earthquake",1
22,"MD 2.5 (348 min ago)
8km 19.05¬∞N 67.20¬∞W
Oct 24, 2019 03:18:40 UTC
#earthquake",1
23,"MD 2.8 (271 min ago)
13km 19.10¬∞N 67.22¬∞W
Oct 22, 2019 07:15:58 UTC
#earthquake",1
24,"MD 3.0 (127 min ago)
22km 19.09¬∞N 67.23¬∞W
Oct 22, 2019 01:18:31 UTC
#earthquake",1
25,"MD 3.0 (69 min ago)
10km 18.99¬∞N 67.14¬∞W
Oct 22, 2019 00:40:00 UTC
#earthquake",1
26,"MD 2.5 (307 min ago)
10km 19.00¬∞N 67.07¬∞W
Oct 21, 2019 02:44:06 UTC
#earthquake",1
27,"MD 2.9 (319 min ago)
8km 19.05¬∞N 67.17¬∞W
Oct 20, 2019 04:30:15 UTC
#earthquake",1
0,"MD 2.6 (138 min ago)
30km 19.30¬∞N 67.40¬∞W
Oct 28, 2019 04:35:14 UTC
#earthquake",1
1,"MD 2.6 (277 min ago)
26km 19.26¬∞N 67.28¬∞W
Oct 28, 2019 01:28:07 UTC
#earthquake",1
2,"MD 2.7 (287 min ago)
50km 19.24¬∞N 67.35¬∞W
Oct 27, 2019 13:43:34 UTC
#earthquake",1
3,"MD 3.1 (109 min ago)
45km 19.30¬∞N 67.37¬∞W
Oct 25, 2019 09:13:49 UTC
#earthquake",1
4,"MD 2.7 (297 min ago)
26km 19.28¬∞N 67.43¬∞W
Oct 25, 2019 05:04:31 UTC
#earthquake",1
5,"MD 3.0 (175 min ago)
13km 19.23¬∞N 67.35¬∞W
Oct 24, 2019 09:06:33 UTC
#earthquake",1
6,"MD 2.5 (218 min ago)
20km 19.27¬∞N 67.25¬∞W
Oct 24, 2019 08:22:45 UTC
#earthquake",1
7,"MD 3.0 (349 min ago)
28km 19.26¬∞N 67.30¬∞W
Oct 23, 2019 11:59:43 UTC
#earthquake",1
8,"MD 2.9 (258 min ago)
17km 19.20¬∞N 67.20¬∞W
Oct 23, 2019 07:30:37 UTC
#earthquake",1
9,"MD 3.1 (48 min ago)
19km 19.23¬∞N 67.26¬∞W
Oct 23, 2019 03:39:28 UTC
#earthquake",1
10,"USGS reports a M3.11 #earthquake 83km NNW of San Antonio, Puerto Rico on 10/23/19 @ 3:39:28 UTC https://t.co/mMa7FwrZkX #quake",1
11,"Md 3.11 earthquake (reviewed) occured at 2019-10-23T03:39:28 UTC, 83km NNW of San Antonio, Puerto Rico https://t.co/7DlbGkA4FJ",1
12,"MD 3.0 (89 min ago)
30km 19.20¬∞N 67.26¬∞W
Oct 22, 2019 18:48:23 UTC
#earthquake",1
13,"MD 2.8 (123 min ago)
24km 19.23¬∞N 67.26¬∞W
Oct 22, 2019 01:21:37 UTC
#earthquake",1
14,"MD 3.0 (27 min ago)
18km 19.28¬∞N 67.42¬∞W
Oct 21, 2019 20:54:12 UTC
#earthquake",1
15,"USGS reports a M3.01 #earthquake 93km NNW of San Antonio, Puerto Rico on 10/21/19 @ 20:54:12 UTC https://t.co/k8gdK8yP1k #quake",1
16,"Md 3.01 earthquake (reviewed) occured at 2019-10-21T20:54:12 UTC, 93km NNW of San Antonio, Puerto Rico https://t.co/gg0Bq0YH7C",1
17,"USGS reports a M2.91 #earthquake 80km NNW of San Antonio, Puerto Rico on 10/21/19 @ 14:40:41 UTC https://t.co/Fn7a7YvVCk #quake",1
18,"MD 2.9 (50 min ago)
37km 19.19¬∞N 67.32¬∞W
Oct 21, 2019 14:40:41 UTC
#earthquake",1
19,"Md 2.91 earthquake (reviewed) occured at 2019-10-21T14:40:41 UTC, 80km NNW of San Antonio, Puerto Rico https://t.co/T2qZbH9G9L",1
20,"MD 3.0 (216 min ago)
25km 19.23¬∞N 67.31¬∞W
Oct 20, 2019 20:48:44 UTC
#earthquake",1
21,"MD 2.7 (252 min ago)
10km 19.21¬∞N 67.20¬∞W
Oct 20, 2019 20:13:07 UTC
#earthquake",1
22,"MD 3.0 (172 min ago)
26km 19.24¬∞N 67.22¬∞W
Oct 19, 2019 21:20:58 UTC
#earthquake",1
23,"Md 2.92 earthquake (reviewed) occured at 2019-10-19T21:13:32 UTC, 88km NNW of San Antonio, Puerto Rico https://t.co/uYQSZP3gwV",1
24,"MD 2.9 (21 min ago)
25km 19.27¬∞N 67.31¬∞W
Oct 19, 2019 21:13:32 UTC
#earthquake",1
25,"USGS reports a M2.92 #earthquake 88km NNW of San Antonio, Puerto Rico on 10/19/19 @ 21:13:32 UTC https://t.co/N3yUGAxOtM #quake",1
0,"Mb 4.7 earthquake (reviewed) occured at 2019-10-27T23:47:37 UTC, 92km W of San Antonio de los Cobres, Argentina https://t.co/dSXEbIO9jm",1
0,"USGS reports a M4.9 #earthquake eastern New Guinea region, Papua New Guinea on 10/27/19 @ 23:45:28 UTC https://t.co/P4yadJzsw0 #quake",1
1,"„ÄêM4.9„ÄëEASTERN NEW GUINEA REG, PAPUA NEW GUINEA 152.9km 2019/10/28 08:45:28 JST
(G)https://t.co/SOrLujYcpg (USGS)https://t.co/9KWnZu4vYE",0
2,"Mb 4.9 earthquake (reviewed) occured at 2019-10-27T23:45:28 UTC, 115km NNW of Finschhafen, Papua New Guinea https://t.co/hPRoYayrj7",1
3,"„ÄêM4.5„ÄëEASTERN NEW GUINEA REG, PAPUA NEW GUINEA 174.3km 2019/10/26 02:32:22 JST
(G)https://t.co/O51iHn697d (USGS)https://t.co/JewTgfXTgw",0
0,"Md 3.4 earthquake (reviewed) occured at 2019-10-28T16:29:46 UTC, 68km N of Isabela, Puerto Rico https://t.co/5Bijvlayd1",1
1,"USGS reports a M3.4 #earthquake 67km N of San Antonio, Puerto Rico on 10/28/19 @ 16:29:46 UTC https://t.co/eR6cE62xsH #quake",1
2,"MD 3.4 (27 min ago)
7km 19.09¬∞N 67.22¬∞W
Oct 28, 2019 16:29:46 UTC
#earthquake",1
3,"Md 3.4 earthquake (reviewed) occured at 2019-10-28T16:29:46 UTC, 67km N of San Antonio, Puerto Rico https://t.co/5Bijvlayd1",1
4,"MD 2.8 (93 min ago)
12km 19.13¬∞N 67.30¬∞W
Oct 28, 2019 05:19:43 UTC
#earthquake",1
5,"MD 2.6 (302 min ago)
10km 19.08¬∞N 67.43¬∞W
Oct 27, 2019 16:09:08 UTC
#earthquake",1
6,"Md 3.17 earthquake (reviewed) occured at 2019-10-27T19:59:13 UTC, 65km NNW of San Antonio, Puerto Rico https://t.co/NJDiVGNCrZ",1
7,"MD 3.2 (20 min ago)
10km 19.08¬∞N 67.27¬∞W
Oct 27, 2019 19:59:13 UTC
#earthquake",1
8,"USGS reports a M3.17 #earthquake 68km NNW of San Antonio, Puerto Rico on 10/27/19 @ 19:59:13 UTC https://t.co/SQez8SVZ0s #quake",1
9,"Md 3.17 earthquake (reviewed) occured at 2019-10-27T19:59:13 UTC, 68km NNW of San Antonio, Puerto Rico https://t.co/NJDiVGNCrZ",1
10,"MD 2.5 (288 min ago)
24km 19.10¬∞N 67.20¬∞W
Oct 27, 2019 14:19:10 UTC
#earthquake",1
11,"MD 3.1 (315 min ago)
10km 19.04¬∞N 67.28¬∞W
Oct 27, 2019 13:51:41 UTC
#earthquake",1
12,"Mb 4.5 earthquake (reviewed) occured at 2019-10-27T13:48:41 UTC, 72km NNW of Isabela, Puerto Rico https://t.co/a1WsEAgkR1",1
13,"Mb 4.4 earthquake (reviewed) occured at 2019-10-27T13:29:47 UTC, 70km N of San Antonio, Puerto Rico https://t.co/ufStrYdaXE",1
14,"Mb 4.5 earthquake (reviewed) occured at 2019-10-27T13:48:42 UTC, 70km NNW of Isabela, Puerto Rico https://t.co/a1WsEAgkR1",1
15,"Ml 4.3 earthquake (REVIEWED) occured at 2019-10-27T13:48:44 UTC, 61km NNW of San Antonio, Puerto Rico https://t.co/Tw5LrYxqkp",1
16,"USGS reports a M4.3 #earthquake 61km NNW of San Antonio, Puerto Rico on 10/27/19 @ 13:48:44 UTC https://t.co/rDlvUyP8Ba #quake",1
17,"4.3 earthquake, 61km NNW of San Antonio, Puerto Rico. 2019-10-27 09:48:44 at epicenter (6m ago, depth 22km). https://t.co/MG7UejZYga",1
18,"USGS reports a M4.5 #earthquake 68km NNW of San Antonio, Puerto Rico on 10/27/19 @ 13:29:48 UTC https://t.co/Jtire27sAn #quake",1
19,"Mb 4.5 earthquake (reviewed) occured at 2019-10-27T13:29:48 UTC, 64km NNW of Isabela, Puerto Rico https://t.co/ufStrYdaXE",1
20,"4.4 earthquake, 64km NNW of Isabela, Puerto Rico. 2019-10-27 09:29:50 at epicenter (6m ago, depth 33km). https://t.co/Db2PUrWiR1",1
21,"4.4 earthquake, 64km NNW of Isabela, Puerto Rico. 2019-10-27 09:29:50 at epicenter (6m ago, depth 33km). https://t.co/0UdY7jIJkt",1
22,"Ml 4.4 earthquake (REVIEWED) occured at 2019-10-27T13:29:50 UTC, 64km NNW of Isabela, Puerto Rico https://t.co/S705X5RO5X",1
23,"MD 2.6 (150 min ago)
10km 19.10¬∞N 67.24¬∞W
Oct 26, 2019 20:57:23 UTC
#earthquake",1
24,"MD 2.9 (75 min ago)
28km 19.06¬∞N 67.15¬∞W
Oct 25, 2019 14:24:16 UTC
#earthquake",1
25,"MD 2.6 (230 min ago)
13km 19.08¬∞N 67.25¬∞W
Oct 24, 2019 08:11:09 UTC
#earthquake",1
26,"MD 2.7 (303 min ago)
39km 19.13¬∞N 67.28¬∞W
Oct 24, 2019 04:04:18 UTC
#earthquake",1
27,"MD 2.5 (348 min ago)
8km 19.05¬∞N 67.20¬∞W
Oct 24, 2019 03:18:40 UTC
#earthquake",1
28,"MD 3.0 (35 min ago)
7km 19.14¬∞N 67.17¬∞W
Oct 24, 2019 05:45:42 UTC
#earthquake",1
29,"Md 2.97 earthquake (reviewed) occured at 2019-10-24T05:45:42 UTC, 72km NNW of Isabela, Puerto Rico https://t.co/XVr5m46z58",1
30,"MD 2.8 (271 min ago)
13km 19.10¬∞N 67.22¬∞W
Oct 22, 2019 07:15:58 UTC
#earthquake",1
31,"MD 3.0 (127 min ago)
22km 19.09¬∞N 67.23¬∞W
Oct 22, 2019 01:18:31 UTC
#earthquake",1
32,"USGS reports a M2.89 #earthquake 76km NNW of San Antonio, Puerto Rico on 10/21/19 @ 23:27:51 UTC https://t.co/7bhQAaVRpV #quake",1
33,"MD 2.9 (17 min ago)
10km 19.14¬∞N 67.35¬∞W
Oct 21, 2019 23:27:51 UTC
#earthquake",1
34,"Md 2.89 earthquake (reviewed) occured at 2019-10-21T23:27:51 UTC, 76km NNW of San Antonio, Puerto Rico https://t.co/yHgvv96KCT",1
35,"MD 2.8 (210 min ago)
15km 19.13¬∞N 67.28¬∞W
Oct 21, 2019 06:21:18 UTC
#earthquake",1
36,"MD 2.9 (319 min ago)
8km 19.05¬∞N 67.17¬∞W
Oct 20, 2019 04:30:15 UTC
#earthquake",1
0,üòä (@ BanReservas in Higuey) https://t.co/WNKav6WYNB,0
0,"USGS reports a M4.7 #earthquake 89km SW of Puerto Madero, Mexico on 10/27/19 @ 18:39:22 UTC https://t.co/5dvzox3RBb #quake",1
1,"Mb 4.7 earthquake (reviewed) occured at 2019-10-27T18:39:22 UTC, 89km SW of Puerto Madero, Mexico https://t.co/sOQrw96WGE",1
2,"M4.7 OFFSHORE CHIAPAS, MEXICO Depth 10.0km Oct 27, 2019 18:39:22 UTC, Oct 27, 2019 12:39:22 at epicenter https://t.co/RATQB99lT0",1
3,"„ÄêM4.7„ÄëOFFSHORE CHIAPAS, MEXICO 10.0km 2019/10/28 03:39:22JST, 2019/10/27 18:39:22UTC
(G)https://t.co/hwu3ii2YWJ (US‚Ä¶ https://t.co/HcE4gEEv19",1
4,"„ÄêM4.9„ÄëOFFSHORE CHIAPAS, MEXICO Depth 10km Oct 27, 2019 18:39:24 UTC (G)https://t.co/PzehWcC832 (EMSC)https://t.co/BLSrzsEHVy",1
5,"M 4.9 (12 min ago)
10km 14.27¬∞N 92.98¬∞W
Oct 27, 2019 18:39:24 UTC
#earthquake",1
6,"M 4.0 (251 min ago)
6km 14.16¬∞N 93.03¬∞W
Oct 23, 2019 20:58:26 UTC
#earthquake",1
0,"USGS reports a M5.2 #earthquake 15km S of Damai, China on 10/27/19 @ 17:56:48 UTC https://t.co/fGageJIwbP #quake",1
1,"A 5.2 magnitude earthquake occurred 9.32mi S of Damai, China. Details: https://t.co/RbSpGE477B Map: https://t.co/mKkNlsa8V3",1
2,"Mww 5.2 earthquake (reviewed) occured at 2019-10-27T17:56:48 UTC, 15km S of Damai, China https://t.co/vNYGsc9WAs",1
3,"5.2 earthquake, 15km S of Damai, China. 2019-10-28 01:56:48 at epicenter (15m ago, depth 10km). https://t.co/3DP13L0Nlt",1